--
-- PostgreSQL database dump
--

-- Dumped from database version 11.12
-- Dumped by pg_dump version 14.2

-- Started on 2022-11-19 20:16:33

SET statement_timeout = 0;
SET lock_timeout = 0;
SET idle_in_transaction_session_timeout = 0;
SET client_encoding = 'UTF8';
SET standard_conforming_strings = on;
SELECT pg_catalog.set_config('search_path', '', false);
SET check_function_bodies = false;
SET xmloption = content;
SET client_min_messages = warning;
SET row_security = off;

--
-- TOC entry 45 (class 2615 OID 2200)
-- Name: public; Type: SCHEMA; Schema: -; Owner: postgres
--

CREATE SCHEMA public;


ALTER SCHEMA public OWNER TO postgres;

--
-- TOC entry 6640 (class 0 OID 0)
-- Dependencies: 45
-- Name: SCHEMA public; Type: COMMENT; Schema: -; Owner: postgres
--

COMMENT ON SCHEMA public IS 'standard public schema';


--
-- TOC entry 4546 (class 3602 OID 3516527)
-- Name: french_unaccent; Type: TEXT SEARCH CONFIGURATION; Schema: public; Owner: postgres
--

CREATE TEXT SEARCH CONFIGURATION public.french_unaccent (
    PARSER = pg_catalog."default" );

ALTER TEXT SEARCH CONFIGURATION public.french_unaccent
    ADD MAPPING FOR asciiword WITH french_stem;

ALTER TEXT SEARCH CONFIGURATION public.french_unaccent
    ADD MAPPING FOR word WITH public.unaccent, french_stem;

ALTER TEXT SEARCH CONFIGURATION public.french_unaccent
    ADD MAPPING FOR numword WITH simple;

ALTER TEXT SEARCH CONFIGURATION public.french_unaccent
    ADD MAPPING FOR email WITH simple;

ALTER TEXT SEARCH CONFIGURATION public.french_unaccent
    ADD MAPPING FOR url WITH simple;

ALTER TEXT SEARCH CONFIGURATION public.french_unaccent
    ADD MAPPING FOR host WITH simple;

ALTER TEXT SEARCH CONFIGURATION public.french_unaccent
    ADD MAPPING FOR sfloat WITH simple;

ALTER TEXT SEARCH CONFIGURATION public.french_unaccent
    ADD MAPPING FOR version WITH simple;

ALTER TEXT SEARCH CONFIGURATION public.french_unaccent
    ADD MAPPING FOR hword_numpart WITH simple;

ALTER TEXT SEARCH CONFIGURATION public.french_unaccent
    ADD MAPPING FOR hword_part WITH public.unaccent, french_stem;

ALTER TEXT SEARCH CONFIGURATION public.french_unaccent
    ADD MAPPING FOR hword_asciipart WITH french_stem;

ALTER TEXT SEARCH CONFIGURATION public.french_unaccent
    ADD MAPPING FOR numhword WITH simple;

ALTER TEXT SEARCH CONFIGURATION public.french_unaccent
    ADD MAPPING FOR asciihword WITH french_stem;

ALTER TEXT SEARCH CONFIGURATION public.french_unaccent
    ADD MAPPING FOR hword WITH public.unaccent, french_stem;

ALTER TEXT SEARCH CONFIGURATION public.french_unaccent
    ADD MAPPING FOR url_path WITH simple;

ALTER TEXT SEARCH CONFIGURATION public.french_unaccent
    ADD MAPPING FOR file WITH simple;

ALTER TEXT SEARCH CONFIGURATION public.french_unaccent
    ADD MAPPING FOR "float" WITH simple;

ALTER TEXT SEARCH CONFIGURATION public.french_unaccent
    ADD MAPPING FOR "int" WITH simple;

ALTER TEXT SEARCH CONFIGURATION public.french_unaccent
    ADD MAPPING FOR uint WITH simple;


ALTER TEXT SEARCH CONFIGURATION public.french_unaccent OWNER TO postgres;

SET default_tablespace = '';

--
-- TOC entry 329 (class 1259 OID 34488246)
-- Name: auth_group; Type: TABLE; Schema: public; Owner: ut39elwjcrghcgqdwqgw
--

CREATE TABLE public.auth_group (
    id integer NOT NULL,
    name character varying(150) NOT NULL
);


ALTER TABLE public.auth_group OWNER TO ut39elwjcrghcgqdwqgw;

--
-- TOC entry 328 (class 1259 OID 34488244)
-- Name: auth_group_id_seq; Type: SEQUENCE; Schema: public; Owner: ut39elwjcrghcgqdwqgw
--

ALTER TABLE public.auth_group ALTER COLUMN id ADD GENERATED BY DEFAULT AS IDENTITY (
    SEQUENCE NAME public.auth_group_id_seq
    START WITH 1
    INCREMENT BY 1
    NO MINVALUE
    NO MAXVALUE
    CACHE 1
);


--
-- TOC entry 331 (class 1259 OID 34488255)
-- Name: auth_group_permissions; Type: TABLE; Schema: public; Owner: ut39elwjcrghcgqdwqgw
--

CREATE TABLE public.auth_group_permissions (
    id bigint NOT NULL,
    group_id integer NOT NULL,
    permission_id integer NOT NULL
);


ALTER TABLE public.auth_group_permissions OWNER TO ut39elwjcrghcgqdwqgw;

--
-- TOC entry 330 (class 1259 OID 34488253)
-- Name: auth_group_permissions_id_seq; Type: SEQUENCE; Schema: public; Owner: ut39elwjcrghcgqdwqgw
--

ALTER TABLE public.auth_group_permissions ALTER COLUMN id ADD GENERATED BY DEFAULT AS IDENTITY (
    SEQUENCE NAME public.auth_group_permissions_id_seq
    START WITH 1
    INCREMENT BY 1
    NO MINVALUE
    NO MAXVALUE
    CACHE 1
);


--
-- TOC entry 327 (class 1259 OID 34488239)
-- Name: auth_permission; Type: TABLE; Schema: public; Owner: ut39elwjcrghcgqdwqgw
--

CREATE TABLE public.auth_permission (
    id integer NOT NULL,
    name character varying(255) NOT NULL,
    content_type_id integer NOT NULL,
    codename character varying(100) NOT NULL,
    name_pt character varying(255)
);


ALTER TABLE public.auth_permission OWNER TO ut39elwjcrghcgqdwqgw;

--
-- TOC entry 326 (class 1259 OID 34488237)
-- Name: auth_permission_id_seq; Type: SEQUENCE; Schema: public; Owner: ut39elwjcrghcgqdwqgw
--

ALTER TABLE public.auth_permission ALTER COLUMN id ADD GENERATED BY DEFAULT AS IDENTITY (
    SEQUENCE NAME public.auth_permission_id_seq
    START WITH 1
    INCREMENT BY 1
    NO MINVALUE
    NO MAXVALUE
    CACHE 1
);


--
-- TOC entry 333 (class 1259 OID 34488262)
-- Name: auth_user; Type: TABLE; Schema: public; Owner: ut39elwjcrghcgqdwqgw
--

CREATE TABLE public.auth_user (
    id integer NOT NULL,
    password character varying(128) NOT NULL,
    last_login timestamp with time zone,
    is_superuser boolean NOT NULL,
    username character varying(150) NOT NULL,
    first_name character varying(150) NOT NULL,
    last_name character varying(150) NOT NULL,
    email character varying(254) NOT NULL,
    is_staff boolean NOT NULL,
    is_active boolean NOT NULL,
    date_joined timestamp with time zone NOT NULL
);


ALTER TABLE public.auth_user OWNER TO ut39elwjcrghcgqdwqgw;

--
-- TOC entry 335 (class 1259 OID 34488271)
-- Name: auth_user_groups; Type: TABLE; Schema: public; Owner: ut39elwjcrghcgqdwqgw
--

CREATE TABLE public.auth_user_groups (
    id bigint NOT NULL,
    user_id integer NOT NULL,
    group_id integer NOT NULL
);


ALTER TABLE public.auth_user_groups OWNER TO ut39elwjcrghcgqdwqgw;

--
-- TOC entry 334 (class 1259 OID 34488269)
-- Name: auth_user_groups_id_seq; Type: SEQUENCE; Schema: public; Owner: ut39elwjcrghcgqdwqgw
--

ALTER TABLE public.auth_user_groups ALTER COLUMN id ADD GENERATED BY DEFAULT AS IDENTITY (
    SEQUENCE NAME public.auth_user_groups_id_seq
    START WITH 1
    INCREMENT BY 1
    NO MINVALUE
    NO MAXVALUE
    CACHE 1
);


--
-- TOC entry 332 (class 1259 OID 34488260)
-- Name: auth_user_id_seq; Type: SEQUENCE; Schema: public; Owner: ut39elwjcrghcgqdwqgw
--

ALTER TABLE public.auth_user ALTER COLUMN id ADD GENERATED BY DEFAULT AS IDENTITY (
    SEQUENCE NAME public.auth_user_id_seq
    START WITH 1
    INCREMENT BY 1
    NO MINVALUE
    NO MAXVALUE
    CACHE 1
);


--
-- TOC entry 337 (class 1259 OID 34488278)
-- Name: auth_user_user_permissions; Type: TABLE; Schema: public; Owner: ut39elwjcrghcgqdwqgw
--

CREATE TABLE public.auth_user_user_permissions (
    id bigint NOT NULL,
    user_id integer NOT NULL,
    permission_id integer NOT NULL
);


ALTER TABLE public.auth_user_user_permissions OWNER TO ut39elwjcrghcgqdwqgw;

--
-- TOC entry 336 (class 1259 OID 34488276)
-- Name: auth_user_user_permissions_id_seq; Type: SEQUENCE; Schema: public; Owner: ut39elwjcrghcgqdwqgw
--

ALTER TABLE public.auth_user_user_permissions ALTER COLUMN id ADD GENERATED BY DEFAULT AS IDENTITY (
    SEQUENCE NAME public.auth_user_user_permissions_id_seq
    START WITH 1
    INCREMENT BY 1
    NO MINVALUE
    NO MAXVALUE
    CACHE 1
);


--
-- TOC entry 339 (class 1259 OID 34488337)
-- Name: django_admin_log; Type: TABLE; Schema: public; Owner: ut39elwjcrghcgqdwqgw
--

CREATE TABLE public.django_admin_log (
    id integer NOT NULL,
    action_time timestamp with time zone NOT NULL,
    object_id text,
    object_repr character varying(200) NOT NULL,
    action_flag smallint NOT NULL,
    change_message text NOT NULL,
    content_type_id integer,
    user_id integer NOT NULL,
    CONSTRAINT django_admin_log_action_flag_check CHECK ((action_flag >= 0))
);


ALTER TABLE public.django_admin_log OWNER TO ut39elwjcrghcgqdwqgw;

--
-- TOC entry 338 (class 1259 OID 34488335)
-- Name: django_admin_log_id_seq; Type: SEQUENCE; Schema: public; Owner: ut39elwjcrghcgqdwqgw
--

ALTER TABLE public.django_admin_log ALTER COLUMN id ADD GENERATED BY DEFAULT AS IDENTITY (
    SEQUENCE NAME public.django_admin_log_id_seq
    START WITH 1
    INCREMENT BY 1
    NO MINVALUE
    NO MAXVALUE
    CACHE 1
);


--
-- TOC entry 325 (class 1259 OID 34488229)
-- Name: django_content_type; Type: TABLE; Schema: public; Owner: ut39elwjcrghcgqdwqgw
--

CREATE TABLE public.django_content_type (
    id integer NOT NULL,
    app_label character varying(100) NOT NULL,
    model character varying(100) NOT NULL
);


ALTER TABLE public.django_content_type OWNER TO ut39elwjcrghcgqdwqgw;

--
-- TOC entry 324 (class 1259 OID 34488227)
-- Name: django_content_type_id_seq; Type: SEQUENCE; Schema: public; Owner: ut39elwjcrghcgqdwqgw
--

ALTER TABLE public.django_content_type ALTER COLUMN id ADD GENERATED BY DEFAULT AS IDENTITY (
    SEQUENCE NAME public.django_content_type_id_seq
    START WITH 1
    INCREMENT BY 1
    NO MINVALUE
    NO MAXVALUE
    CACHE 1
);


--
-- TOC entry 323 (class 1259 OID 34488219)
-- Name: django_migrations; Type: TABLE; Schema: public; Owner: ut39elwjcrghcgqdwqgw
--

CREATE TABLE public.django_migrations (
    id bigint NOT NULL,
    app character varying(255) NOT NULL,
    name character varying(255) NOT NULL,
    applied timestamp with time zone NOT NULL
);


ALTER TABLE public.django_migrations OWNER TO ut39elwjcrghcgqdwqgw;

--
-- TOC entry 322 (class 1259 OID 34488217)
-- Name: django_migrations_id_seq; Type: SEQUENCE; Schema: public; Owner: ut39elwjcrghcgqdwqgw
--

ALTER TABLE public.django_migrations ALTER COLUMN id ADD GENERATED BY DEFAULT AS IDENTITY (
    SEQUENCE NAME public.django_migrations_id_seq
    START WITH 1
    INCREMENT BY 1
    NO MINVALUE
    NO MAXVALUE
    CACHE 1
);


--
-- TOC entry 340 (class 1259 OID 34488368)
-- Name: django_session; Type: TABLE; Schema: public; Owner: ut39elwjcrghcgqdwqgw
--

CREATE TABLE public.django_session (
    session_key character varying(40) NOT NULL,
    session_data text NOT NULL,
    expire_date timestamp with time zone NOT NULL
);


ALTER TABLE public.django_session OWNER TO ut39elwjcrghcgqdwqgw;

--
-- TOC entry 304 (class 1259 OID 34155363)
-- Name: estoque_materia; Type: TABLE; Schema: public; Owner: ut39elwjcrghcgqdwqgw
--

CREATE TABLE public.estoque_materia (
    id_materia integer NOT NULL,
    estoque_minimo_materia_id_estoque_minimo integer NOT NULL,
    id_lote integer NOT NULL,
    dat_saida timestamp without time zone,
    qtd_estoque double precision,
    item character varying(45),
    ord_compra integer,
    dat_entrada timestamp without time zone,
    dat_validade timestamp without time zone,
    qtd_saida double precision
);


ALTER TABLE public.estoque_materia OWNER TO ut39elwjcrghcgqdwqgw;

--
-- TOC entry 314 (class 1259 OID 34155486)
-- Name: estoque_minimo; Type: TABLE; Schema: public; Owner: ut39elwjcrghcgqdwqgw
--

CREATE TABLE public.estoque_minimo (
    id_estoque_minimo integer NOT NULL,
    qtd_min double precision,
    produto_id_prod integer NOT NULL
);


ALTER TABLE public.estoque_minimo OWNER TO ut39elwjcrghcgqdwqgw;

--
-- TOC entry 303 (class 1259 OID 34155358)
-- Name: estoque_minimo_materia; Type: TABLE; Schema: public; Owner: ut39elwjcrghcgqdwqgw
--

CREATE TABLE public.estoque_minimo_materia (
    id_estoque_minimo integer NOT NULL,
    qtd_min double precision,
    descricao character varying(45)
);


ALTER TABLE public.estoque_minimo_materia OWNER TO ut39elwjcrghcgqdwqgw;

--
-- TOC entry 315 (class 1259 OID 34155496)
-- Name: estoque_produto; Type: TABLE; Schema: public; Owner: ut39elwjcrghcgqdwqgw
--

CREATE TABLE public.estoque_produto (
    id_estoque_produto integer NOT NULL,
    estoque_produto integer,
    produto_id_prod integer NOT NULL,
    id_estoque_min integer NOT NULL
);


ALTER TABLE public.estoque_produto OWNER TO ut39elwjcrghcgqdwqgw;

--
-- TOC entry 302 (class 1259 OID 34155353)
-- Name: fornecedor; Type: TABLE; Schema: public; Owner: ut39elwjcrghcgqdwqgw
--

CREATE TABLE public.fornecedor (
    id_fornecedor integer NOT NULL,
    materia character varying(45),
    quantidade double precision,
    valor double precision,
    descricao character varying(100)
);


ALTER TABLE public.fornecedor OWNER TO ut39elwjcrghcgqdwqgw;

--
-- TOC entry 309 (class 1259 OID 34155431)
-- Name: fornecedor_has_estoque_materia; Type: TABLE; Schema: public; Owner: ut39elwjcrghcgqdwqgw
--

CREATE TABLE public.fornecedor_has_estoque_materia (
    fornecedor_id_fornecedor integer NOT NULL,
    estoque_materia_id_materia integer NOT NULL
);


ALTER TABLE public.fornecedor_has_estoque_materia OWNER TO ut39elwjcrghcgqdwqgw;

--
-- TOC entry 311 (class 1259 OID 34155451)
-- Name: manutencao; Type: TABLE; Schema: public; Owner: ut39elwjcrghcgqdwqgw
--

CREATE TABLE public.manutencao (
    id_manutencao integer NOT NULL,
    dat_manutencao timestamp without time zone,
    dat_revisao timestamp without time zone,
    iten_substituido character varying(45),
    tecnico_id_tecnico integer NOT NULL,
    maquina_id_maq integer NOT NULL
);


ALTER TABLE public.manutencao OWNER TO ut39elwjcrghcgqdwqgw;

--
-- TOC entry 305 (class 1259 OID 34155386)
-- Name: maquina; Type: TABLE; Schema: public; Owner: ut39elwjcrghcgqdwqgw
--

CREATE TABLE public.maquina (
    id_maq integer NOT NULL,
    estoque_materia_id_materia integer NOT NULL,
    descricao character varying(100),
    turno character varying(45),
    tip_maq character varying(45),
    itns_substituido character varying(45),
    maq_producao character varying(45)
);


ALTER TABLE public.maquina OWNER TO ut39elwjcrghcgqdwqgw;

--
-- TOC entry 306 (class 1259 OID 34155396)
-- Name: operador; Type: TABLE; Schema: public; Owner: ut39elwjcrghcgqdwqgw
--

CREATE TABLE public.operador (
    id_operador integer NOT NULL,
    maquina_id_maq integer NOT NULL,
    producao character varying(45),
    dat_ingre_funcao timestamp without time zone,
    turno character varying(45),
    funcao character varying(45),
    setor character varying(45),
    dat_uso_maq character varying(45)
);


ALTER TABLE public.operador OWNER TO ut39elwjcrghcgqdwqgw;

--
-- TOC entry 313 (class 1259 OID 34155476)
-- Name: peca; Type: TABLE; Schema: public; Owner: ut39elwjcrghcgqdwqgw
--

CREATE TABLE public.peca (
    id_peca integer NOT NULL,
    qtd_iten double precision,
    descricao character varying(45),
    manutencao_id_manutencao integer NOT NULL
);


ALTER TABLE public.peca OWNER TO ut39elwjcrghcgqdwqgw;

--
-- TOC entry 307 (class 1259 OID 34155406)
-- Name: producao; Type: TABLE; Schema: public; Owner: ut39elwjcrghcgqdwqgw
--

CREATE TABLE public.producao (
    id_producao integer NOT NULL,
    dat_fabricacao date,
    qtd_prodcao_item double precision,
    lote_producao integer,
    linha_producao integer,
    qtd_descarte integer
);


ALTER TABLE public.producao OWNER TO ut39elwjcrghcgqdwqgw;

--
-- TOC entry 308 (class 1259 OID 34155411)
-- Name: produto; Type: TABLE; Schema: public; Owner: ut39elwjcrghcgqdwqgw
--

CREATE TABLE public.produto (
    id_prod integer NOT NULL,
    estoque_materia_id integer NOT NULL,
    producao_id_producao integer NOT NULL,
    maquina_id_maq integer NOT NULL,
    descricao character varying(100)
);


ALTER TABLE public.produto OWNER TO ut39elwjcrghcgqdwqgw;

--
-- TOC entry 310 (class 1259 OID 34155446)
-- Name: tecnico; Type: TABLE; Schema: public; Owner: ut39elwjcrghcgqdwqgw
--

CREATE TABLE public.tecnico (
    id_tecnico integer NOT NULL,
    nome character varying(45),
    especialidade character varying(45)
);


ALTER TABLE public.tecnico OWNER TO ut39elwjcrghcgqdwqgw;

--
-- TOC entry 312 (class 1259 OID 34155466)
-- Name: verificacao; Type: TABLE; Schema: public; Owner: ut39elwjcrghcgqdwqgw
--

CREATE TABLE public.verificacao (
    id_verificacao integer NOT NULL,
    descricao character varying(45),
    manutencao_id_manutencao integer NOT NULL
);


ALTER TABLE public.verificacao OWNER TO ut39elwjcrghcgqdwqgw;

--
-- TOC entry 316 (class 1259 OID 34251955)
-- Name: vw_colaborador; Type: VIEW; Schema: public; Owner: ut39elwjcrghcgqdwqgw
--

CREATE VIEW public.vw_colaborador AS
 SELECT o.id_operador,
    o.maquina_id_maq AS id_maquina,
    m.tip_maq AS tipo_maquina,
    o.dat_ingre_funcao AS dt_ingresso,
    o.turno,
    o.funcao,
    o.setor,
    o.dat_uso_maq AS dt_uso_maquina
   FROM (public.operador o
     LEFT JOIN public.maquina m ON ((m.id_maq = o.maquina_id_maq)))
  GROUP BY o.id_operador, o.maquina_id_maq, m.tip_maq, o.dat_ingre_funcao, o.turno, o.funcao, o.setor, o.dat_uso_maq;


ALTER TABLE public.vw_colaborador OWNER TO ut39elwjcrghcgqdwqgw;

--
-- TOC entry 317 (class 1259 OID 34251959)
-- Name: vw_manutencao; Type: VIEW; Schema: public; Owner: ut39elwjcrghcgqdwqgw
--

CREATE VIEW public.vw_manutencao AS
 SELECT mn.dat_manutencao AS dt_manutencao,
    mq.id_maq AS id_maquina,
    mq.tip_maq AS tipo_maquina,
    t.id_tecnico,
    t.nome AS nome_tecnico,
    t.especialidade AS especialidade_tecnico,
    v.id_verificacao,
    v.descricao AS descricao_verificacao,
    p.id_peca,
    p.descricao AS descricao_peca,
    p.qtd_iten AS qtd_peca
   FROM ((((public.manutencao mn
     JOIN public.maquina mq ON ((mn.maquina_id_maq = mq.id_maq)))
     JOIN public.tecnico t ON ((mn.tecnico_id_tecnico = t.id_tecnico)))
     LEFT JOIN public.verificacao v ON ((mn.id_manutencao = v.manutencao_id_manutencao)))
     LEFT JOIN public.peca p ON ((mn.id_manutencao = p.manutencao_id_manutencao)))
  GROUP BY mn.dat_manutencao, mq.id_maq, mq.tip_maq, t.id_tecnico, t.nome, t.especialidade, v.id_verificacao, v.descricao, p.id_peca, p.descricao, p.qtd_iten
  ORDER BY mn.dat_manutencao DESC;


ALTER TABLE public.vw_manutencao OWNER TO ut39elwjcrghcgqdwqgw;

--
-- TOC entry 320 (class 1259 OID 34251978)
-- Name: vw_materia_prima_compra; Type: VIEW; Schema: public; Owner: ut39elwjcrghcgqdwqgw
--

CREATE VIEW public.vw_materia_prima_compra AS
 SELECT e.id_materia,
    f.materia AS descricao_materia,
    f.id_fornecedor,
    f.quantidade AS qtde_compra,
    f.valor AS valor_compra,
    e.ord_compra AS ordem_compra,
    e.dat_validade AS dt_validade,
    e.dat_entrada AS dt_entrada
   FROM ((public.estoque_materia e
     JOIN public.fornecedor_has_estoque_materia fe ON ((fe.estoque_materia_id_materia = e.id_materia)))
     JOIN public.fornecedor f ON ((f.id_fornecedor = fe.fornecedor_id_fornecedor)));


ALTER TABLE public.vw_materia_prima_compra OWNER TO ut39elwjcrghcgqdwqgw;

--
-- TOC entry 321 (class 1259 OID 34251983)
-- Name: vw_materia_prima_estoque; Type: VIEW; Schema: public; Owner: ut39elwjcrghcgqdwqgw
--

CREATE VIEW public.vw_materia_prima_estoque AS
 SELECT e.id_materia,
    f.materia AS descricao_materia,
    e.dat_validade AS dt_validade,
    e.qtd_estoque AS estoque,
    em.qtd_min AS estoque_minimo,
        CASE
            WHEN ((em.qtd_min - e.qtd_estoque) > (0)::double precision) THEN (em.qtd_min - e.qtd_estoque)
            WHEN ((em.qtd_min - e.qtd_estoque) <= (0)::double precision) THEN (0)::double precision
            ELSE NULL::double precision
        END AS estoque_deficit
   FROM (((public.estoque_materia e
     JOIN public.fornecedor_has_estoque_materia fe ON ((fe.estoque_materia_id_materia = e.id_materia)))
     JOIN public.fornecedor f ON ((f.id_fornecedor = fe.fornecedor_id_fornecedor)))
     JOIN public.estoque_minimo_materia em ON ((em.id_estoque_minimo = e.estoque_minimo_materia_id_estoque_minimo)));


ALTER TABLE public.vw_materia_prima_estoque OWNER TO ut39elwjcrghcgqdwqgw;

--
-- TOC entry 318 (class 1259 OID 34251966)
-- Name: vw_produto_estoque; Type: VIEW; Schema: public; Owner: ut39elwjcrghcgqdwqgw
--

CREATE VIEW public.vw_produto_estoque AS
 SELECT p.id_prod,
    p.descricao,
    em.qtd_min AS estoque_minimo,
    ep.estoque_produto,
        CASE
            WHEN ((em.qtd_min - (ep.estoque_produto)::double precision) > (0)::double precision) THEN (em.qtd_min - (ep.estoque_produto)::double precision)
            WHEN ((em.qtd_min - (ep.estoque_produto)::double precision) <= (0)::double precision) THEN (0)::double precision
            ELSE NULL::double precision
        END AS estoque_deficit
   FROM ((public.produto p
     JOIN public.estoque_minimo em ON ((em.produto_id_prod = p.id_prod)))
     JOIN public.estoque_produto ep ON ((ep.produto_id_prod = em.produto_id_prod)))
  GROUP BY p.id_prod, p.descricao, em.qtd_min, ep.estoque_produto
  ORDER BY p.id_prod;


ALTER TABLE public.vw_produto_estoque OWNER TO ut39elwjcrghcgqdwqgw;

--
-- TOC entry 319 (class 1259 OID 34251971)
-- Name: vw_produto_producao; Type: VIEW; Schema: public; Owner: ut39elwjcrghcgqdwqgw
--

CREATE VIEW public.vw_produto_producao AS
 SELECT pr.dat_fabricacao AS dt_producao,
    p.id_prod,
    p.descricao,
    pr.lote_producao AS lote,
    pr.linha_producao,
    sum(pr.qtd_prodcao_item) AS qtde_producao_bruta,
    sum(pr.qtd_descarte) AS qtde_descarte,
    (sum(pr.qtd_prodcao_item) - (sum(pr.qtd_descarte))::double precision) AS qtde_producao_efetiva
   FROM (public.produto p
     JOIN public.producao pr ON ((pr.id_producao = p.producao_id_producao)))
  GROUP BY p.id_prod, p.descricao, pr.lote_producao, pr.dat_fabricacao, pr.linha_producao
  ORDER BY pr.dat_fabricacao DESC;


ALTER TABLE public.vw_produto_producao OWNER TO ut39elwjcrghcgqdwqgw;

--
-- TOC entry 6623 (class 0 OID 34488246)
-- Dependencies: 329
-- Data for Name: auth_group; Type: TABLE DATA; Schema: public; Owner: ut39elwjcrghcgqdwqgw
--

COPY public.auth_group (id, name) FROM stdin;
9	Produção de produto
10	Operador de produção
11	Almoxarifado
12	Fornecimento de matéria-prima
13	Suprimentos (Compras)
14	Qualidade
15	Assistência técnica
16	Administração Geral
\.


--
-- TOC entry 6625 (class 0 OID 34488255)
-- Dependencies: 331
-- Data for Name: auth_group_permissions; Type: TABLE DATA; Schema: public; Owner: ut39elwjcrghcgqdwqgw
--

COPY public.auth_group_permissions (id, group_id, permission_id) FROM stdin;
377	10	32
378	10	64
379	10	36
380	10	68
381	10	40
382	10	52
383	10	28
404	12	25
405	12	36
406	12	33
423	14	32
424	14	64
425	14	66
426	14	36
427	14	68
428	14	40
429	14	62
450	16	25
451	16	26
452	16	27
453	16	28
454	16	29
455	16	30
456	16	31
457	16	32
458	16	33
459	16	34
460	16	35
461	16	36
462	16	37
463	16	38
464	16	39
465	16	40
466	16	41
467	16	42
468	16	43
469	16	44
470	16	45
471	16	46
472	16	47
473	16	48
474	16	49
475	16	50
476	16	51
477	16	52
478	16	53
479	16	54
480	16	55
481	16	56
482	16	57
483	16	58
484	16	59
485	16	60
486	16	61
487	16	62
488	16	63
489	16	64
490	16	65
491	16	66
492	16	67
493	16	68
494	16	73
495	16	74
496	16	75
497	16	76
498	16	77
499	16	78
500	16	79
501	16	80
502	16	81
503	16	82
504	16	83
505	16	84
365	9	32
366	9	33
367	9	34
368	9	36
369	9	37
370	9	38
371	9	40
372	9	25
373	9	26
374	9	28
375	9	29
376	9	30
384	11	25
385	11	26
386	11	27
387	11	28
388	11	29
389	11	30
390	11	31
391	11	32
392	11	33
393	11	34
394	11	35
395	11	36
396	11	37
397	11	38
398	11	39
399	11	40
400	11	65
401	11	66
402	11	67
403	11	68
407	13	33
408	13	34
409	13	35
410	13	36
411	13	41
412	13	42
413	13	43
414	13	44
415	13	81
416	13	82
417	13	83
418	13	84
419	13	25
420	13	26
421	13	27
422	13	28
430	15	45
431	15	46
432	15	47
433	15	48
434	15	49
435	15	50
436	15	51
437	15	52
438	15	57
439	15	58
440	15	59
441	15	60
442	15	73
443	15	74
444	15	75
445	15	76
446	15	77
447	15	78
448	15	79
449	15	80
\.


--
-- TOC entry 6621 (class 0 OID 34488239)
-- Dependencies: 327
-- Data for Name: auth_permission; Type: TABLE DATA; Schema: public; Owner: ut39elwjcrghcgqdwqgw
--

COPY public.auth_permission (id, name, content_type_id, codename, name_pt) FROM stdin;
1	Can add log entry	1	add_logentry	\N
2	Can change log entry	1	change_logentry	\N
3	Can delete log entry	1	delete_logentry	\N
4	Can view log entry	1	view_logentry	\N
5	Can add permission	2	add_permission	\N
6	Can change permission	2	change_permission	\N
7	Can delete permission	2	delete_permission	\N
8	Can view permission	2	view_permission	\N
9	Can add group	3	add_group	\N
10	Can change group	3	change_group	\N
11	Can delete group	3	delete_group	\N
12	Can view group	3	view_group	\N
13	Can add user	4	add_user	\N
14	Can change user	4	change_user	\N
15	Can delete user	4	delete_user	\N
16	Can view user	4	view_user	\N
17	Can add content type	5	add_contenttype	\N
18	Can change content type	5	change_contenttype	\N
19	Can delete content type	5	delete_contenttype	\N
20	Can view content type	5	view_contenttype	\N
21	Can add session	6	add_session	\N
22	Can change session	6	change_session	\N
23	Can delete session	6	delete_session	\N
24	Can view session	6	view_session	\N
25	Can add estoque materia	7	add_estoquemateria	\N
26	Can change estoque materia	7	change_estoquemateria	\N
27	Can delete estoque materia	7	delete_estoquemateria	\N
28	Can view estoque materia	7	view_estoquemateria	\N
29	Can add estoque minimo	8	add_estoqueminimo	\N
30	Can change estoque minimo	8	change_estoqueminimo	\N
31	Can delete estoque minimo	8	delete_estoqueminimo	\N
32	Can view estoque minimo	8	view_estoqueminimo	\N
33	Can add estoque minimo materia	9	add_estoqueminimomateria	\N
34	Can change estoque minimo materia	9	change_estoqueminimomateria	\N
35	Can delete estoque minimo materia	9	delete_estoqueminimomateria	\N
36	Can view estoque minimo materia	9	view_estoqueminimomateria	\N
37	Can add estoque produto	10	add_estoqueproduto	\N
38	Can change estoque produto	10	change_estoqueproduto	\N
39	Can delete estoque produto	10	delete_estoqueproduto	\N
40	Can view estoque produto	10	view_estoqueproduto	\N
41	Can add fornecedor	11	add_fornecedor	\N
42	Can change fornecedor	11	change_fornecedor	\N
43	Can delete fornecedor	11	delete_fornecedor	\N
44	Can view fornecedor	11	view_fornecedor	\N
45	Can add manutencao	12	add_manutencao	\N
46	Can change manutencao	12	change_manutencao	\N
47	Can delete manutencao	12	delete_manutencao	\N
48	Can view manutencao	12	view_manutencao	\N
49	Can add maquina	13	add_maquina	\N
50	Can change maquina	13	change_maquina	\N
51	Can delete maquina	13	delete_maquina	\N
52	Can view maquina	13	view_maquina	\N
53	Can add operador	14	add_operador	\N
54	Can change operador	14	change_operador	\N
55	Can delete operador	14	delete_operador	\N
56	Can view operador	14	view_operador	\N
57	Can add peca	15	add_peca	\N
58	Can change peca	15	change_peca	\N
59	Can delete peca	15	delete_peca	\N
60	Can view peca	15	view_peca	\N
61	Can add producao	16	add_producao	\N
62	Can change producao	16	change_producao	\N
63	Can delete producao	16	delete_producao	\N
64	Can view producao	16	view_producao	\N
65	Can add produto	17	add_produto	\N
66	Can change produto	17	change_produto	\N
67	Can delete produto	17	delete_produto	\N
68	Can view produto	17	view_produto	\N
69	Can add spatial ref sys	18	add_spatialrefsys	\N
70	Can change spatial ref sys	18	change_spatialrefsys	\N
71	Can delete spatial ref sys	18	delete_spatialrefsys	\N
72	Can view spatial ref sys	18	view_spatialrefsys	\N
73	Can add tecnico	19	add_tecnico	\N
74	Can change tecnico	19	change_tecnico	\N
75	Can delete tecnico	19	delete_tecnico	\N
76	Can view tecnico	19	view_tecnico	\N
77	Can add verificacao	20	add_verificacao	\N
78	Can change verificacao	20	change_verificacao	\N
79	Can delete verificacao	20	delete_verificacao	\N
80	Can view verificacao	20	view_verificacao	\N
81	Can add fornecedor has estoque materia	21	add_fornecedorhasestoquemateria	\N
82	Can change fornecedor has estoque materia	21	change_fornecedorhasestoquemateria	\N
83	Can delete fornecedor has estoque materia	21	delete_fornecedorhasestoquemateria	\N
84	Can view fornecedor has estoque materia	21	view_fornecedorhasestoquemateria	\N
\.


--
-- TOC entry 6627 (class 0 OID 34488262)
-- Dependencies: 333
-- Data for Name: auth_user; Type: TABLE DATA; Schema: public; Owner: ut39elwjcrghcgqdwqgw
--

COPY public.auth_user (id, password, last_login, is_superuser, username, first_name, last_name, email, is_staff, is_active, date_joined) FROM stdin;
1	pbkdf2_sha256$390000$wdyUapSPIeThU7R7C4OQ1z$effYGNB616L9VUz+DEvBgEyxeYPrxnRCiTFeBXrGJUM=	2022-11-19 17:40:58.376995+00	t	teste			teste@teste.com.br	t	t	2022-11-19 17:40:37.462253+00
\.


--
-- TOC entry 6629 (class 0 OID 34488271)
-- Dependencies: 335
-- Data for Name: auth_user_groups; Type: TABLE DATA; Schema: public; Owner: ut39elwjcrghcgqdwqgw
--

COPY public.auth_user_groups (id, user_id, group_id) FROM stdin;
\.


--
-- TOC entry 6631 (class 0 OID 34488278)
-- Dependencies: 337
-- Data for Name: auth_user_user_permissions; Type: TABLE DATA; Schema: public; Owner: ut39elwjcrghcgqdwqgw
--

COPY public.auth_user_user_permissions (id, user_id, permission_id) FROM stdin;
\.


--
-- TOC entry 6633 (class 0 OID 34488337)
-- Dependencies: 339
-- Data for Name: django_admin_log; Type: TABLE DATA; Schema: public; Owner: ut39elwjcrghcgqdwqgw
--

COPY public.django_admin_log (id, action_time, object_id, object_repr, action_flag, change_message, content_type_id, user_id) FROM stdin;
1	2022-11-19 17:41:37.098609+00	1	administração	1	[{"added": {}}]	3	1
2	2022-11-19 17:42:02.873909+00	2	produção	1	[{"added": {}}]	3	1
3	2022-11-19 17:42:12.738144+00	3	expedição	1	[{"added": {}}]	3	1
4	2022-11-19 17:42:23.075633+00	4	projeto	1	[{"added": {}}]	3	1
5	2022-11-19 17:42:33.716739+00	5	vendas	1	[{"added": {}}]	3	1
6	2022-11-19 17:42:43.462117+00	6	compras	1	[{"added": {}}]	3	1
7	2022-11-19 17:42:53.819151+00	7	estoque	1	[{"added": {}}]	3	1
8	2022-11-19 17:49:44.888987+00	6	compras	2	[{"changed": {"fields": ["Permissions"]}}]	3	1
9	2022-11-19 17:50:35.281035+00	7	estoque	2	[{"changed": {"fields": ["Permissions"]}}]	3	1
10	2022-11-19 17:50:58.350508+00	3	expedição	2	[{"changed": {"fields": ["Permissions"]}}]	3	1
11	2022-11-19 17:52:18.364311+00	2	produção	2	[{"changed": {"fields": ["Permissions"]}}]	3	1
12	2022-11-19 17:53:00.418864+00	5	vendas	2	[{"changed": {"fields": ["Permissions"]}}]	3	1
13	2022-11-19 17:53:44.771879+00	3	expedição	2	[{"changed": {"fields": ["Permissions"]}}]	3	1
14	2022-11-19 17:54:49.880394+00	4	projeto	2	[{"changed": {"fields": ["Permissions"]}}]	3	1
15	2022-11-19 18:39:40.640832+00	1	administração	2	[{"changed": {"fields": ["Permissions"]}}]	3	1
16	2022-11-19 18:41:31.49322+00	6	compras	2	[{"changed": {"fields": ["Permissions"]}}]	3	1
17	2022-11-19 21:35:37.246076+00	8	fornecedor	1	[{"added": {}}]	3	1
18	2022-11-19 21:38:51.827739+00	1	administração	3		3	1
19	2022-11-19 21:38:52.052536+00	6	compras	3		3	1
20	2022-11-19 21:38:52.274179+00	3	expedição	3		3	1
21	2022-11-19 21:38:52.496579+00	4	projeto	3		3	1
22	2022-11-19 21:38:52.717565+00	5	vendas	3		3	1
23	2022-11-19 21:40:41.354773+00	7	estoque	2	[{"changed": {"fields": ["Permissions"]}}]	3	1
24	2022-11-19 21:42:18.70686+00	7	estoque	2	[{"changed": {"fields": ["Permissions"]}}]	3	1
25	2022-11-19 22:00:28.00897+00	8	fornecedor	2	[{"changed": {"fields": ["Permissions"]}}]	3	1
26	2022-11-19 22:00:33.579097+00	8	fornecedor	2	[]	3	1
27	2022-11-19 22:05:27.98816+00	2	produção	2	[{"changed": {"fields": ["Permissions"]}}]	3	1
28	2022-11-19 22:10:16.082346+00	2	produção	2	[{"changed": {"fields": ["Permissions"]}}]	3	1
29	2022-11-19 22:16:33.782012+00	7	estoque	3		3	1
30	2022-11-19 22:16:34.006032+00	8	fornecedor	3		3	1
31	2022-11-19 22:16:34.226775+00	2	produção	3		3	1
32	2022-11-19 22:21:17.203978+00	9	Produção de produto	1	[{"added": {}}]	3	1
33	2022-11-19 22:24:39.592198+00	10	Operador de produção	1	[{"added": {}}]	3	1
34	2022-11-19 22:28:31.186755+00	11	Almoxarifado	1	[{"added": {}}]	3	1
35	2022-11-19 22:33:56.133492+00	12	Fornecimento de matéria-prima	1	[{"added": {}}]	3	1
36	2022-11-19 22:36:47.213945+00	13	Suprimentos (Compras)	1	[{"added": {}}]	3	1
37	2022-11-19 22:39:18.561088+00	14	Qualidade	1	[{"added": {}}]	3	1
38	2022-11-19 22:41:52.689602+00	15	Assistência técnica	1	[{"added": {}}]	3	1
39	2022-11-19 22:43:11.477923+00	16	Administração Geral	1	[{"added": {}}]	3	1
\.


--
-- TOC entry 6619 (class 0 OID 34488229)
-- Dependencies: 325
-- Data for Name: django_content_type; Type: TABLE DATA; Schema: public; Owner: ut39elwjcrghcgqdwqgw
--

COPY public.django_content_type (id, app_label, model) FROM stdin;
1	admin	logentry
2	auth	permission
3	auth	group
4	auth	user
5	contenttypes	contenttype
6	sessions	session
7	main	estoquemateria
8	main	estoqueminimo
9	main	estoqueminimomateria
10	main	estoqueproduto
11	main	fornecedor
12	main	manutencao
13	main	maquina
14	main	operador
15	main	peca
16	main	producao
17	main	produto
18	main	spatialrefsys
19	main	tecnico
20	main	verificacao
21	main	fornecedorhasestoquemateria
\.


--
-- TOC entry 6617 (class 0 OID 34488219)
-- Dependencies: 323
-- Data for Name: django_migrations; Type: TABLE DATA; Schema: public; Owner: ut39elwjcrghcgqdwqgw
--

COPY public.django_migrations (id, app, name, applied) FROM stdin;
1	contenttypes	0001_initial	2022-11-19 17:37:40.234474+00
2	auth	0001_initial	2022-11-19 17:37:47.21848+00
3	admin	0001_initial	2022-11-19 17:37:49.245446+00
4	admin	0002_logentry_remove_auto_add	2022-11-19 17:37:49.932775+00
5	admin	0003_logentry_add_action_flag_choices	2022-11-19 17:37:50.851456+00
6	contenttypes	0002_remove_content_type_name	2022-11-19 17:37:52.221654+00
7	auth	0002_alter_permission_name_max_length	2022-11-19 17:37:53.357202+00
8	auth	0003_alter_user_email_max_length	2022-11-19 17:37:54.495247+00
9	auth	0004_alter_user_username_opts	2022-11-19 17:37:55.402405+00
10	auth	0005_alter_user_last_login_null	2022-11-19 17:37:56.531098+00
11	auth	0006_require_contenttypes_0002	2022-11-19 17:37:57.407455+00
12	auth	0007_alter_validators_add_error_messages	2022-11-19 17:37:58.293401+00
13	auth	0008_alter_user_username_max_length	2022-11-19 17:37:59.420449+00
14	auth	0009_alter_user_last_name_max_length	2022-11-19 17:38:00.527782+00
15	auth	0010_alter_group_name_max_length	2022-11-19 17:38:01.652676+00
16	auth	0011_update_proxy_permissions	2022-11-19 17:38:02.558902+00
17	auth	0012_alter_user_first_name_max_length	2022-11-19 17:38:03.694022+00
18	main	0001_initial	2022-11-19 17:38:04.619705+00
19	sessions	0001_initial	2022-11-19 17:38:06.392346+00
\.


--
-- TOC entry 6634 (class 0 OID 34488368)
-- Dependencies: 340
-- Data for Name: django_session; Type: TABLE DATA; Schema: public; Owner: ut39elwjcrghcgqdwqgw
--

COPY public.django_session (session_key, session_data, expire_date) FROM stdin;
eu704dkz7kpzwd1ownt5cf1oxzyt2n80	.eJxVjMsOwiAQRf-FtSG8oS7d-w0EZgapGkhKuzL-uzbpQrf3nHNfLKZtrXEbtMQZ2ZlJdvrdcoIHtR3gPbVb59DbusyZ7wo_6ODXjvS8HO7fQU2jfuvsrbJZFR8sGGcmdDKR9KQD0UTGOKELALqMKK0QvngFKgcNgaQR1rH3B96hN6o:1owRpq:rodutQU1MnqUaR_TvlTWKKw0DE-uNYfgmbYQoC7ae5w	2022-12-03 17:40:58.600189+00
\.


--
-- TOC entry 6604 (class 0 OID 34155363)
-- Dependencies: 304
-- Data for Name: estoque_materia; Type: TABLE DATA; Schema: public; Owner: ut39elwjcrghcgqdwqgw
--

COPY public.estoque_materia (id_materia, estoque_minimo_materia_id_estoque_minimo, id_lote, dat_saida, qtd_estoque, item, ord_compra, dat_entrada, dat_validade, qtd_saida) FROM stdin;
1	1	1	2013-08-15 00:00:00	78	ipsumerror	127	2013-08-15 00:00:00	2013-08-15 00:00:00	78
2	2	2	2014-03-22 00:00:00	67	ametlaboriosam	15	2014-03-22 00:00:00	2014-03-22 00:00:00	67
3	3	3	2017-02-19 00:00:00	74	fugitadipisci	154	2017-02-19 00:00:00	2017-02-19 00:00:00	74
4	4	4	2013-04-13 00:00:00	33	evenietvoluptatem	93	2013-04-13 00:00:00	2013-04-13 00:00:00	33
5	5	5	2013-07-07 00:00:00	17	iustounde	61	2013-07-07 00:00:00	2013-07-07 00:00:00	17
6	6	6	2017-01-31 00:00:00	21	aliquidrerum	108	2017-01-31 00:00:00	2017-01-31 00:00:00	21
7	7	7	2015-03-28 00:00:00	70	sintvelit	75	2015-03-28 00:00:00	2015-03-28 00:00:00	70
8	8	8	2015-03-01 00:00:00	65	perspiciatisquos	150	2015-03-01 00:00:00	2015-03-01 00:00:00	65
9	9	9	2013-12-08 00:00:00	88	culpadolores	123	2013-12-08 00:00:00	2013-12-08 00:00:00	88
10	10	10	2016-09-04 00:00:00	42	ipsamnatus	85	2016-09-04 00:00:00	2016-09-04 00:00:00	42
11	11	11	2015-07-26 00:00:00	22	abimpedit	104	2015-07-26 00:00:00	2015-07-26 00:00:00	22
12	12	12	2016-05-06 00:00:00	27	eumporro	21	2016-05-06 00:00:00	2016-05-06 00:00:00	27
13	13	13	2017-08-15 00:00:00	11	harumdoloremque	116	2017-08-15 00:00:00	2017-08-15 00:00:00	11
14	14	14	2017-01-25 00:00:00	31	dignissimosnumquam	113	2017-01-25 00:00:00	2017-01-25 00:00:00	31
15	15	15	2015-12-04 00:00:00	98	voluptatumcumque	2	2015-12-04 00:00:00	2015-12-04 00:00:00	98
16	16	16	2016-09-25 00:00:00	65	quasilaborum	111	2016-09-25 00:00:00	2016-09-25 00:00:00	65
17	17	17	2016-11-29 00:00:00	55	idprovident	192	2016-11-29 00:00:00	2016-11-29 00:00:00	55
18	18	18	2016-08-24 00:00:00	79	voluptatemvoluptas	32	2016-08-24 00:00:00	2016-08-24 00:00:00	79
19	19	19	2013-06-28 00:00:00	28	inventorefacere	81	2013-06-28 00:00:00	2013-06-28 00:00:00	28
20	20	20	2015-04-20 00:00:00	69	commodiquos	183	2015-04-20 00:00:00	2015-04-20 00:00:00	69
21	21	21	2017-10-08 00:00:00	35	atquerepellat	2	2017-10-08 00:00:00	2017-10-08 00:00:00	35
22	22	22	2016-04-26 00:00:00	83	illovel	12	2016-04-26 00:00:00	2016-04-26 00:00:00	83
23	23	23	2013-12-02 00:00:00	9	quamsimilique	169	2013-12-02 00:00:00	2013-12-02 00:00:00	9
24	24	24	2017-02-02 00:00:00	70	corporiserror	36	2017-02-02 00:00:00	2017-02-02 00:00:00	70
25	25	25	2014-04-17 00:00:00	97	veniamfugit	187	2014-04-17 00:00:00	2014-04-17 00:00:00	97
26	26	26	2013-04-13 00:00:00	59	optiorerum	149	2013-04-13 00:00:00	2013-04-13 00:00:00	59
27	27	27	2013-01-30 00:00:00	99	dictaanimi	177	2013-01-30 00:00:00	2013-01-30 00:00:00	99
28	28	28	2014-07-18 00:00:00	46	explicabobeatae	77	2014-07-18 00:00:00	2014-07-18 00:00:00	46
29	29	29	2016-02-25 00:00:00	26	cumqueut	62	2016-02-25 00:00:00	2016-02-25 00:00:00	26
30	30	30	2014-11-07 00:00:00	13	illumaccusamus	19	2014-11-07 00:00:00	2014-11-07 00:00:00	13
31	31	31	2015-07-05 00:00:00	56	officiaex	111	2015-07-05 00:00:00	2015-07-05 00:00:00	56
32	32	32	2015-12-02 00:00:00	35	laudantiumullam	152	2015-12-02 00:00:00	2015-12-02 00:00:00	35
33	33	33	2015-08-12 00:00:00	35	quamamet	60	2015-08-12 00:00:00	2015-08-12 00:00:00	35
34	34	34	2017-01-28 00:00:00	82	exquidem	16	2017-01-28 00:00:00	2017-01-28 00:00:00	82
35	35	35	2016-01-28 00:00:00	87	temporibustempora	68	2016-01-28 00:00:00	2016-01-28 00:00:00	87
36	36	36	2013-10-02 00:00:00	1	aliquameum	45	2013-10-02 00:00:00	2013-10-02 00:00:00	1
37	37	37	2013-04-21 00:00:00	56	nullaaccusantium	98	2013-04-21 00:00:00	2013-04-21 00:00:00	56
38	38	38	2015-03-28 00:00:00	59	cumharum	99	2015-03-28 00:00:00	2015-03-28 00:00:00	59
39	39	39	2015-09-23 00:00:00	88	impeditanimi	139	2015-09-23 00:00:00	2015-09-23 00:00:00	88
40	40	40	2016-12-03 00:00:00	7	doloremperferendis	135	2016-12-03 00:00:00	2016-12-03 00:00:00	7
41	41	41	2014-04-19 00:00:00	98	doloremnulla	85	2014-04-19 00:00:00	2014-04-19 00:00:00	98
42	42	42	2015-08-09 00:00:00	6	recusandaelaborum	30	2015-08-09 00:00:00	2015-08-09 00:00:00	6
43	43	43	2016-08-23 00:00:00	53	verovero	103	2016-08-23 00:00:00	2016-08-23 00:00:00	53
44	44	44	2016-06-14 00:00:00	64	quidemmagnam	44	2016-06-14 00:00:00	2016-06-14 00:00:00	64
45	45	45	2015-05-11 00:00:00	97	hicquas	66	2015-05-11 00:00:00	2015-05-11 00:00:00	97
46	46	46	2017-07-30 00:00:00	74	esseet	150	2017-07-30 00:00:00	2017-07-30 00:00:00	74
47	47	47	2017-08-18 00:00:00	83	architectotempora	25	2017-08-18 00:00:00	2017-08-18 00:00:00	83
48	48	48	2015-10-02 00:00:00	87	corruptiiure	112	2015-10-02 00:00:00	2015-10-02 00:00:00	87
49	49	49	2016-10-25 00:00:00	88	architectomodi	4	2016-10-25 00:00:00	2016-10-25 00:00:00	88
50	50	50	2015-06-04 00:00:00	19	quamdeserunt	197	2015-06-04 00:00:00	2015-06-04 00:00:00	19
51	51	51	2014-09-12 00:00:00	95	eumoptio	112	2014-09-12 00:00:00	2014-09-12 00:00:00	95
52	52	52	2016-10-27 00:00:00	67	evenietreiciendis	30	2016-10-27 00:00:00	2016-10-27 00:00:00	67
53	53	53	2017-09-26 00:00:00	59	veritatisconsectetur	171	2017-09-26 00:00:00	2017-09-26 00:00:00	59
54	54	54	2013-06-30 00:00:00	64	teneturfuga	113	2013-06-30 00:00:00	2013-06-30 00:00:00	64
55	55	55	2013-10-18 00:00:00	73	velita	71	2013-10-18 00:00:00	2013-10-18 00:00:00	73
56	56	56	2016-01-27 00:00:00	3	temporibusipsam	168	2016-01-27 00:00:00	2016-01-27 00:00:00	3
57	57	57	2013-04-18 00:00:00	93	nequeoptio	109	2013-04-18 00:00:00	2013-04-18 00:00:00	93
58	58	58	2016-01-27 00:00:00	84	namasperiores	125	2016-01-27 00:00:00	2016-01-27 00:00:00	84
59	59	59	2017-02-28 00:00:00	18	officiisenim	112	2017-02-28 00:00:00	2017-02-28 00:00:00	18
60	60	60	2013-11-28 00:00:00	13	liberoadipisci	167	2013-11-28 00:00:00	2013-11-28 00:00:00	13
61	61	61	2015-12-06 00:00:00	30	nemototam	127	2015-12-06 00:00:00	2015-12-06 00:00:00	30
62	62	62	2016-03-20 00:00:00	96	illocumque	128	2016-03-20 00:00:00	2016-03-20 00:00:00	96
63	63	63	2014-11-15 00:00:00	42	iureeos	135	2014-11-15 00:00:00	2014-11-15 00:00:00	42
64	64	64	2017-02-18 00:00:00	33	doloreveritatis	60	2017-02-18 00:00:00	2017-02-18 00:00:00	33
65	65	65	2015-01-09 00:00:00	28	eligendiamet	128	2015-01-09 00:00:00	2015-01-09 00:00:00	28
66	66	66	2013-05-23 00:00:00	17	dolorpossimus	132	2013-05-23 00:00:00	2013-05-23 00:00:00	17
67	67	67	2016-04-02 00:00:00	36	similiquealias	112	2016-04-02 00:00:00	2016-04-02 00:00:00	36
68	68	68	2016-09-16 00:00:00	78	nemoat	96	2016-09-16 00:00:00	2016-09-16 00:00:00	78
69	69	69	2014-04-25 00:00:00	65	minimaodit	98	2014-04-25 00:00:00	2014-04-25 00:00:00	65
70	70	70	2015-07-26 00:00:00	36	officiiseos	194	2015-07-26 00:00:00	2015-07-26 00:00:00	36
71	71	71	2014-07-20 00:00:00	82	eiusnam	175	2014-07-20 00:00:00	2014-07-20 00:00:00	82
72	72	72	2016-03-14 00:00:00	59	veroinventore	96	2016-03-14 00:00:00	2016-03-14 00:00:00	59
73	73	73	2013-04-08 00:00:00	56	molestiasexplicabo	138	2013-04-08 00:00:00	2013-04-08 00:00:00	56
74	74	74	2017-09-25 00:00:00	55	nequemagni	103	2017-09-25 00:00:00	2017-09-25 00:00:00	55
75	75	75	2016-01-27 00:00:00	68	delectusfuga	20	2016-01-27 00:00:00	2016-01-27 00:00:00	68
76	76	76	2015-04-06 00:00:00	6	eligendidignissimos	8	2015-04-06 00:00:00	2015-04-06 00:00:00	6
77	77	77	2016-01-11 00:00:00	72	laborequisquam	176	2016-01-11 00:00:00	2016-01-11 00:00:00	72
78	78	78	2016-05-15 00:00:00	26	quoddolore	182	2016-05-15 00:00:00	2016-05-15 00:00:00	26
79	79	79	2015-07-20 00:00:00	75	quamtemporibus	134	2015-07-20 00:00:00	2015-07-20 00:00:00	75
80	80	80	2017-10-02 00:00:00	65	modiipsa	118	2017-10-02 00:00:00	2017-10-02 00:00:00	65
81	81	81	2015-12-04 00:00:00	67	quaerataperiam	46	2015-12-04 00:00:00	2015-12-04 00:00:00	67
82	82	82	2017-10-30 00:00:00	9	laudantiuminventore	193	2017-10-30 00:00:00	2017-10-30 00:00:00	9
83	83	83	2016-09-06 00:00:00	77	eumatque	25	2016-09-06 00:00:00	2016-09-06 00:00:00	77
84	84	84	2017-08-17 00:00:00	85	esseea	76	2017-08-17 00:00:00	2017-08-17 00:00:00	85
85	85	85	2017-07-17 00:00:00	22	possimussed	12	2017-07-17 00:00:00	2017-07-17 00:00:00	22
86	86	86	2015-09-04 00:00:00	53	molestiasexercitationem	17	2015-09-04 00:00:00	2015-09-04 00:00:00	53
87	87	87	2016-09-14 00:00:00	19	nemomolestias	52	2016-09-14 00:00:00	2016-09-14 00:00:00	19
88	88	88	2015-11-21 00:00:00	55	iustotemporibus	141	2015-11-21 00:00:00	2015-11-21 00:00:00	55
89	89	89	2015-11-21 00:00:00	83	doloresquaerat	193	2015-11-21 00:00:00	2015-11-21 00:00:00	83
90	90	90	2017-02-11 00:00:00	43	delenitiporro	47	2017-02-11 00:00:00	2017-02-11 00:00:00	43
91	91	91	2013-06-14 00:00:00	73	praesentiumsit	56	2013-06-14 00:00:00	2013-06-14 00:00:00	73
92	92	92	2013-09-06 00:00:00	23	temporequasi	176	2013-09-06 00:00:00	2013-09-06 00:00:00	23
93	93	93	2016-07-25 00:00:00	51	quamnulla	140	2016-07-25 00:00:00	2016-07-25 00:00:00	51
94	94	94	2017-04-16 00:00:00	76	explicaboatque	177	2017-04-16 00:00:00	2017-04-16 00:00:00	76
95	95	95	2013-06-23 00:00:00	74	magnivoluptate	91	2013-06-23 00:00:00	2013-06-23 00:00:00	74
96	96	96	2014-07-26 00:00:00	64	accusantiumea	146	2014-07-26 00:00:00	2014-07-26 00:00:00	64
97	97	97	2017-04-03 00:00:00	50	sequireiciendis	70	2017-04-03 00:00:00	2017-04-03 00:00:00	50
98	98	98	2014-11-16 00:00:00	53	enimcumque	91	2014-11-16 00:00:00	2014-11-16 00:00:00	53
99	99	99	2016-09-14 00:00:00	73	delenitiunde	183	2016-09-14 00:00:00	2016-09-14 00:00:00	73
100	100	100	2016-04-11 00:00:00	25	saepeatque	22	2016-04-11 00:00:00	2016-04-11 00:00:00	25
\.


--
-- TOC entry 6614 (class 0 OID 34155486)
-- Dependencies: 314
-- Data for Name: estoque_minimo; Type: TABLE DATA; Schema: public; Owner: ut39elwjcrghcgqdwqgw
--

COPY public.estoque_minimo (id_estoque_minimo, qtd_min, produto_id_prod) FROM stdin;
1	74	1
2	1	2
3	79	3
4	55	4
\.


--
-- TOC entry 6603 (class 0 OID 34155358)
-- Dependencies: 303
-- Data for Name: estoque_minimo_materia; Type: TABLE DATA; Schema: public; Owner: ut39elwjcrghcgqdwqgw
--

COPY public.estoque_minimo_materia (id_estoque_minimo, qtd_min, descricao) FROM stdin;
1	56	aliasvelit
2	67	minimaquia
3	66	voluptatevero
4	73	dictaad
5	93	rationead
6	11	dolorsapiente
7	85	velautem
8	12	rerumvoluptate
9	14	itaquevoluptatem
10	59	ametconsequatur
11	28	adaliquid
12	50	doloresincidunt
13	63	reprehenderitullam
14	44	excepturianimi
15	39	fugiatamet
16	2	sedat
17	51	maximevoluptas
18	3	ipsamexcepturi
19	93	atqui
20	81	laborummaiores
21	54	undeest
22	16	ametcorporis
23	74	praesentiumreprehenderit
24	28	quodtenetur
25	8	nihilalias
26	78	nobisasperiores
27	66	doloresat
28	51	nequedoloremque
29	4	doloribusenim
30	65	sapientenecessitatibus
31	99	exercitationemcorporis
32	71	veritatissapiente
33	31	voluptatelibero
34	15	cupiditateofficiis
35	84	istenostrum
36	81	sedodio
37	61	eumincidunt
38	37	voluptatesbeatae
39	48	quodrem
40	33	laboriosamveritatis
41	56	doloremquealiquam
42	87	impeditratione
43	44	numquamipsum
44	83	aliquamcupiditate
45	16	accusantiumexplicabo
46	57	doloresratione
47	16	sapienteeius
48	2	quofugit
49	81	ullamquos
50	53	nisidoloremque
51	19	laboriosameos
52	40	perspiciatisaccusamus
53	33	ducimusdolorum
54	33	exeum
55	57	architectoea
56	6	sitquis
57	74	suscipitanimi
58	91	aliquammollitia
59	63	occaecativel
60	48	seditaque
61	37	aliquidet
62	89	doloremvoluptatibus
63	95	quisquamfacere
64	59	oditquidem
65	60	laboriosamut
66	37	expeditaofficiis
67	73	accusantiumomnis
68	87	underepellendus
69	17	reruminventore
70	68	suscipitvoluptates
71	51	maioresminima
72	4	nemorepellendus
73	69	fugiatnatus
74	9	aliquamvoluptates
75	20	eaqueullam
76	83	quasialiquid
77	82	nullaveniam
78	65	saepedolorum
79	25	quossequi
80	28	possimusmolestias
81	94	omniscorporis
82	42	voluptatibusplaceat
83	65	optiovoluptatibus
84	46	cumqueperspiciatis
85	74	quiadolor
86	93	quibusdamex
87	12	consequunturvel
88	96	doloribusnisi
89	62	quianesciunt
90	12	evenietofficiis
91	70	ipsamsapiente
92	6	eostempora
93	1	perferendisculpa
94	29	expeditafacilis
95	56	assumendasint
96	44	dictaofficiis
97	15	eosab
98	44	maioresillo
99	84	providentnumquam
100	6	animivel
\.


--
-- TOC entry 6615 (class 0 OID 34155496)
-- Dependencies: 315
-- Data for Name: estoque_produto; Type: TABLE DATA; Schema: public; Owner: ut39elwjcrghcgqdwqgw
--

COPY public.estoque_produto (id_estoque_produto, estoque_produto, produto_id_prod, id_estoque_min) FROM stdin;
1	186	1	1
2	162	2	2
3	192	3	3
4	111	4	4
\.


--
-- TOC entry 6602 (class 0 OID 34155353)
-- Dependencies: 302
-- Data for Name: fornecedor; Type: TABLE DATA; Schema: public; Owner: ut39elwjcrghcgqdwqgw
--

COPY public.fornecedor (id_fornecedor, materia, quantidade, valor, descricao) FROM stdin;
1	perspiciatispossimus	78	78	perspiciatispossimus
2	earummagni	60	60	earummagni
3	veritatispariatur	44	44	veritatispariatur
4	repellendusa	12	12	repellendusa
5	ipsaomnis	11	11	ipsaomnis
6	voluptasipsam	12	12	voluptasipsam
7	eligendinesciunt	15	15	eligendinesciunt
8	quaeratquisquam	67	67	quaeratquisquam
9	molestiaecorporis	43	43	molestiaecorporis
10	ducimusnatus	11	11	ducimusnatus
11	autemsit	42	42	autemsit
12	nesciunttempore	38	38	nesciunttempore
13	totamvoluptates	57	57	totamvoluptates
14	impedita	64	64	impedita
15	repudiandaemolestiae	19	19	repudiandaemolestiae
16	eaquedolorem	54	54	eaquedolorem
17	dolorillum	69	69	dolorillum
18	eosdolore	7	7	eosdolore
19	saepeassumenda	97	97	saepeassumenda
20	molestiaeoccaecati	10	10	molestiaeoccaecati
21	magnamnam	78	78	magnamnam
22	estquos	88	88	estquos
23	idet	87	87	idet
24	consequatursit	21	21	consequatursit
25	aliquamullam	58	58	aliquamullam
26	facereexcepturi	40	40	facereexcepturi
27	utnulla	8	8	utnulla
28	nemout	82	82	nemout
29	consequatureos	45	45	consequatureos
30	atplaceat	54	54	atplaceat
31	undenobis	43	43	undenobis
32	expeditasuscipit	96	96	expeditasuscipit
33	harumasperiores	58	58	harumasperiores
34	laboresit	60	60	laboresit
35	praesentiumeos	12	12	praesentiumeos
36	voluptatemdolore	67	67	voluptatemdolore
37	molestiasnumquam	47	47	molestiasnumquam
38	velipsam	88	88	velipsam
39	suscipitbeatae	36	36	suscipitbeatae
40	explicaboquasi	66	66	explicaboquasi
41	earerum	62	62	earerum
42	eaqueveritatis	50	50	eaqueveritatis
43	impeditquia	3	3	impeditquia
44	atquerepellat	94	94	atquerepellat
45	eligendiperferendis	86	86	eligendiperferendis
46	temporaquibusdam	57	57	temporaquibusdam
47	nostrumaspernatur	46	46	nostrumaspernatur
48	fugiatdistinctio	96	96	fugiatdistinctio
49	praesentiumofficia	55	55	praesentiumofficia
50	hicconsequatur	36	36	hicconsequatur
51	harumfacere	8	8	harumfacere
52	sintnisi	24	24	sintnisi
53	blanditiisassumenda	50	50	blanditiisassumenda
54	autaliquid	37	37	autaliquid
55	exlaudantium	83	83	exlaudantium
56	quamsapiente	40	40	quamsapiente
57	istedeleniti	73	73	istedeleniti
58	aliassunt	81	81	aliassunt
59	nostrumofficiis	79	79	nostrumofficiis
60	molestiasquo	23	23	molestiasquo
61	voluptatumtempora	93	93	voluptatumtempora
62	nobistotam	99	99	nobistotam
63	aliquamesse	12	12	aliquamesse
64	nonadipisci	81	81	nonadipisci
65	odiovoluptatibus	15	15	odiovoluptatibus
66	liberolaudantium	71	71	liberolaudantium
67	quaeab	26	26	quaeab
68	ipsamporro	10	10	ipsamporro
69	temporaquas	65	65	temporaquas
70	architectominus	81	81	architectominus
71	iureaut	58	58	iureaut
72	officiaducimus	2	2	officiaducimus
73	doloreset	8	8	doloreset
74	blanditiissed	57	57	blanditiissed
75	mollitiaquod	25	25	mollitiaquod
76	quaeratpraesentium	14	14	quaeratpraesentium
77	dolordebitis	59	59	dolordebitis
78	nemoquam	87	87	nemoquam
79	corporisrerum	39	39	corporisrerum
80	natussaepe	73	73	natussaepe
81	praesentiummodi	47	47	praesentiummodi
82	facilispraesentium	3	3	facilispraesentium
83	quastenetur	18	18	quastenetur
84	exmaiores	70	70	exmaiores
85	voluptatumsequi	70	70	voluptatumsequi
86	occaecativelit	51	51	occaecativelit
87	quidemsimilique	24	24	quidemsimilique
88	aspernaturnulla	67	67	aspernaturnulla
89	quisamet	5	5	quisamet
90	magniin	69	69	magniin
91	laborumatque	46	46	laborumatque
92	inciduntanimi	39	39	inciduntanimi
93	avitae	80	80	avitae
94	temporeexplicabo	81	81	temporeexplicabo
95	addelectus	91	91	addelectus
96	istecorporis	66	66	istecorporis
97	consequunturearum	46	46	consequunturearum
98	rerumesse	24	24	rerumesse
99	laborenulla	66	66	laborenulla
100	magninemo	43	43	magninemo
\.


--
-- TOC entry 6609 (class 0 OID 34155431)
-- Dependencies: 309
-- Data for Name: fornecedor_has_estoque_materia; Type: TABLE DATA; Schema: public; Owner: ut39elwjcrghcgqdwqgw
--

COPY public.fornecedor_has_estoque_materia (fornecedor_id_fornecedor, estoque_materia_id_materia) FROM stdin;
1	1
2	2
3	3
4	4
5	5
6	6
7	7
8	8
9	9
10	10
11	11
12	12
13	13
14	14
15	15
16	16
17	17
18	18
19	19
20	20
21	21
22	22
23	23
24	24
25	25
26	26
27	27
28	28
29	29
30	30
31	31
32	32
33	33
34	34
35	35
36	36
37	37
38	38
39	39
40	40
41	41
42	42
43	43
44	44
45	45
46	46
47	47
48	48
49	49
50	50
51	51
52	52
53	53
54	54
55	55
56	56
57	57
58	58
59	59
60	60
61	61
62	62
63	63
64	64
65	65
66	66
67	67
68	68
69	69
70	70
71	71
72	72
73	73
74	74
75	75
76	76
77	77
78	78
79	79
80	80
81	81
82	82
83	83
84	84
85	85
86	86
87	87
88	88
89	89
90	90
91	91
92	92
93	93
94	94
95	95
96	96
97	97
98	98
99	99
100	100
\.


--
-- TOC entry 6611 (class 0 OID 34155451)
-- Dependencies: 311
-- Data for Name: manutencao; Type: TABLE DATA; Schema: public; Owner: ut39elwjcrghcgqdwqgw
--

COPY public.manutencao (id_manutencao, dat_manutencao, dat_revisao, iten_substituido, tecnico_id_tecnico, maquina_id_maq) FROM stdin;
1	2017-02-17 00:00:00	2017-02-17 00:00:00	voluptateautem	1	1
2	2017-03-24 00:00:00	2017-03-24 00:00:00	doloresquo	2	2
3	2016-09-12 00:00:00	2016-09-12 00:00:00	recusandaesit	3	3
4	2016-10-19 00:00:00	2016-10-19 00:00:00	veliure	4	4
5	2013-05-04 00:00:00	2013-05-04 00:00:00	voluptateseum	5	5
6	2012-12-04 00:00:00	2012-12-04 00:00:00	deseruntvel	6	6
7	2014-07-02 00:00:00	2014-07-02 00:00:00	temporavitae	7	7
8	2013-07-09 00:00:00	2013-07-09 00:00:00	illoid	8	8
9	2015-10-13 00:00:00	2015-10-13 00:00:00	oditnesciunt	9	9
10	2015-05-19 00:00:00	2015-05-19 00:00:00	magnimollitia	10	10
11	2017-06-25 00:00:00	2017-06-25 00:00:00	undesimilique	11	11
12	2013-08-25 00:00:00	2013-08-25 00:00:00	accusamusrepellat	12	12
13	2017-02-21 00:00:00	2017-02-21 00:00:00	nobistotam	13	13
14	2015-08-24 00:00:00	2015-08-24 00:00:00	itaquecumque	14	14
15	2014-09-03 00:00:00	2014-09-03 00:00:00	autemid	15	15
16	2014-09-21 00:00:00	2014-09-21 00:00:00	evenieteveniet	16	16
17	2014-11-03 00:00:00	2014-11-03 00:00:00	mollitiarem	17	17
18	2016-04-17 00:00:00	2016-04-17 00:00:00	iustomagnam	18	18
19	2013-01-13 00:00:00	2013-01-13 00:00:00	estdeleniti	19	19
20	2017-11-15 00:00:00	2017-11-15 00:00:00	averitatis	20	20
21	2017-06-21 00:00:00	2017-06-21 00:00:00	magnieaque	21	21
22	2015-09-15 00:00:00	2015-09-15 00:00:00	temporead	22	22
23	2016-03-22 00:00:00	2016-03-22 00:00:00	deleniticumque	23	23
24	2017-09-17 00:00:00	2017-09-17 00:00:00	odiovoluptates	24	24
25	2014-07-14 00:00:00	2014-07-14 00:00:00	utrerum	25	25
26	2013-11-07 00:00:00	2013-11-07 00:00:00	necessitatibussint	26	26
27	2016-01-05 00:00:00	2016-01-05 00:00:00	illoaliquam	27	27
28	2012-12-11 00:00:00	2012-12-11 00:00:00	dolornulla	28	28
29	2014-02-26 00:00:00	2014-02-26 00:00:00	minusalias	29	29
30	2013-06-04 00:00:00	2013-06-04 00:00:00	recusandaesimilique	30	30
31	2014-04-17 00:00:00	2014-04-17 00:00:00	veniamhic	31	31
32	2016-12-16 00:00:00	2016-12-16 00:00:00	fugiateaque	32	32
33	2017-02-01 00:00:00	2017-02-01 00:00:00	remnemo	33	33
34	2014-09-20 00:00:00	2014-09-20 00:00:00	repellatcumque	34	34
35	2013-08-07 00:00:00	2013-08-07 00:00:00	quocupiditate	35	35
36	2015-11-16 00:00:00	2015-11-16 00:00:00	adipiscised	36	36
37	2014-07-19 00:00:00	2014-07-19 00:00:00	quassint	37	37
38	2013-05-21 00:00:00	2013-05-21 00:00:00	solutamaiores	38	38
39	2016-07-28 00:00:00	2016-07-28 00:00:00	maximeet	39	39
40	2014-06-12 00:00:00	2014-06-12 00:00:00	porroiure	40	40
41	2016-10-07 00:00:00	2016-10-07 00:00:00	aliasnobis	41	41
42	2014-05-20 00:00:00	2014-05-20 00:00:00	cumquequo	42	42
43	2014-12-21 00:00:00	2014-12-21 00:00:00	verofacilis	43	43
44	2015-11-20 00:00:00	2015-11-20 00:00:00	quiquod	44	44
45	2014-05-05 00:00:00	2014-05-05 00:00:00	sedeum	45	45
46	2017-07-06 00:00:00	2017-07-06 00:00:00	veniamcorrupti	46	46
47	2016-05-20 00:00:00	2016-05-20 00:00:00	aperiamcupiditate	47	47
48	2014-02-28 00:00:00	2014-02-28 00:00:00	odiosit	48	48
49	2014-04-05 00:00:00	2014-04-05 00:00:00	aexplicabo	49	49
50	2017-02-06 00:00:00	2017-02-06 00:00:00	consecteturreprehenderit	50	50
51	2013-05-16 00:00:00	2013-05-16 00:00:00	autoccaecati	51	51
52	2017-04-06 00:00:00	2017-04-06 00:00:00	atnobis	52	52
53	2014-04-20 00:00:00	2014-04-20 00:00:00	istesunt	53	53
54	2016-07-22 00:00:00	2016-07-22 00:00:00	inventorequam	54	54
55	2015-05-13 00:00:00	2015-05-13 00:00:00	voluptatibusneque	55	55
56	2017-05-20 00:00:00	2017-05-20 00:00:00	aliquamperferendis	56	56
57	2013-06-04 00:00:00	2013-06-04 00:00:00	pariaturquia	57	57
58	2013-01-05 00:00:00	2013-01-05 00:00:00	consecteturconsequatur	58	58
59	2015-03-13 00:00:00	2015-03-13 00:00:00	necessitatibusipsa	59	59
60	2014-10-19 00:00:00	2014-10-19 00:00:00	quasiofficiis	60	60
61	2014-07-04 00:00:00	2014-07-04 00:00:00	inet	61	61
62	2017-07-13 00:00:00	2017-07-13 00:00:00	aperiamexcepturi	62	62
63	2013-08-31 00:00:00	2013-08-31 00:00:00	oditadipisci	63	63
64	2015-06-09 00:00:00	2015-06-09 00:00:00	noncupiditate	64	64
65	2013-04-18 00:00:00	2013-04-18 00:00:00	istequasi	65	65
66	2017-02-13 00:00:00	2017-02-13 00:00:00	accusamusvoluptatem	66	66
67	2017-05-30 00:00:00	2017-05-30 00:00:00	nesciuntfuga	67	67
68	2017-09-07 00:00:00	2017-09-07 00:00:00	providentperspiciatis	68	68
69	2012-11-16 00:00:00	2012-11-16 00:00:00	doloremquecumque	69	69
70	2013-05-29 00:00:00	2013-05-29 00:00:00	ullamodio	70	70
71	2013-03-12 00:00:00	2013-03-12 00:00:00	minussaepe	71	71
72	2015-06-17 00:00:00	2015-06-17 00:00:00	exvitae	72	72
73	2015-02-01 00:00:00	2015-02-01 00:00:00	nostrumea	73	73
74	2013-06-15 00:00:00	2013-06-15 00:00:00	necessitatibusplaceat	74	74
75	2016-01-08 00:00:00	2016-01-08 00:00:00	culpaaccusantium	75	75
76	2016-04-12 00:00:00	2016-04-12 00:00:00	voluptatibusearum	76	76
77	2017-09-23 00:00:00	2017-09-23 00:00:00	occaecatidistinctio	77	77
78	2017-03-15 00:00:00	2017-03-15 00:00:00	vitaeautem	78	78
79	2013-11-18 00:00:00	2013-11-18 00:00:00	cumquetotam	79	79
80	2014-07-24 00:00:00	2014-07-24 00:00:00	excepturidistinctio	80	80
81	2015-09-15 00:00:00	2015-09-15 00:00:00	exercitationemharum	81	81
82	2016-01-20 00:00:00	2016-01-20 00:00:00	nullamolestias	82	82
83	2013-12-27 00:00:00	2013-12-27 00:00:00	quodfacilis	83	83
84	2014-03-20 00:00:00	2014-03-20 00:00:00	consecteturlibero	84	84
85	2017-07-11 00:00:00	2017-07-11 00:00:00	assumendaid	85	85
86	2013-02-12 00:00:00	2013-02-12 00:00:00	namiure	86	86
87	2013-10-13 00:00:00	2013-10-13 00:00:00	ipsaest	87	87
88	2015-12-20 00:00:00	2015-12-20 00:00:00	faceredistinctio	88	88
89	2013-04-01 00:00:00	2013-04-01 00:00:00	assumendatotam	89	89
90	2014-08-24 00:00:00	2014-08-24 00:00:00	exercitationemdelectus	90	90
91	2013-01-02 00:00:00	2013-01-02 00:00:00	rationenostrum	91	91
92	2013-11-03 00:00:00	2013-11-03 00:00:00	doloremquetenetur	92	92
93	2017-10-22 00:00:00	2017-10-22 00:00:00	dolorumnesciunt	93	93
94	2014-03-21 00:00:00	2014-03-21 00:00:00	eligendinisi	94	94
95	2013-06-06 00:00:00	2013-06-06 00:00:00	nisiipsum	95	95
96	2014-02-07 00:00:00	2014-02-07 00:00:00	praesentiumlaborum	96	96
97	2013-11-06 00:00:00	2013-11-06 00:00:00	illumquas	97	97
98	2014-11-13 00:00:00	2014-11-13 00:00:00	dolorvitae	98	98
99	2013-03-17 00:00:00	2013-03-17 00:00:00	nemoeum	99	99
100	2015-06-01 00:00:00	2015-06-01 00:00:00	esseut	100	100
\.


--
-- TOC entry 6605 (class 0 OID 34155386)
-- Dependencies: 305
-- Data for Name: maquina; Type: TABLE DATA; Schema: public; Owner: ut39elwjcrghcgqdwqgw
--

COPY public.maquina (id_maq, estoque_materia_id_materia, descricao, turno, tip_maq, itns_substituido, maq_producao) FROM stdin;
1	1	quoodio	quoodio	quoodio	quoodio	quoodio
2	2	sapientedeserunt	sapientedeserunt	sapientedeserunt	sapientedeserunt	sapientedeserunt
3	3	quosvoluptas	quosvoluptas	quosvoluptas	quosvoluptas	quosvoluptas
4	4	inquod	inquod	inquod	inquod	inquod
5	5	explicaboquas	explicaboquas	explicaboquas	explicaboquas	explicaboquas
6	6	iustoofficia	iustoofficia	iustoofficia	iustoofficia	iustoofficia
7	7	quiprovident	quiprovident	quiprovident	quiprovident	quiprovident
8	8	dignissimoscumque	dignissimoscumque	dignissimoscumque	dignissimoscumque	dignissimoscumque
9	9	cumqueautem	cumqueautem	cumqueautem	cumqueautem	cumqueautem
10	10	sequireiciendis	sequireiciendis	sequireiciendis	sequireiciendis	sequireiciendis
11	11	quissed	quissed	quissed	quissed	quissed
12	12	nemoillo	nemoillo	nemoillo	nemoillo	nemoillo
13	13	delectusmagnam	delectusmagnam	delectusmagnam	delectusmagnam	delectusmagnam
14	14	molestiaeprovident	molestiaeprovident	molestiaeprovident	molestiaeprovident	molestiaeprovident
15	15	nequeexercitationem	nequeexercitationem	nequeexercitationem	nequeexercitationem	nequeexercitationem
16	16	quidemquod	quidemquod	quidemquod	quidemquod	quidemquod
17	17	eligendiin	eligendiin	eligendiin	eligendiin	eligendiin
18	18	asperioresipsum	asperioresipsum	asperioresipsum	asperioresipsum	asperioresipsum
19	19	facilissaepe	facilissaepe	facilissaepe	facilissaepe	facilissaepe
20	20	evenietvelit	evenietvelit	evenietvelit	evenietvelit	evenietvelit
21	21	aliquammagni	aliquammagni	aliquammagni	aliquammagni	aliquammagni
22	22	repellatfugit	repellatfugit	repellatfugit	repellatfugit	repellatfugit
23	23	nulladistinctio	nulladistinctio	nulladistinctio	nulladistinctio	nulladistinctio
24	24	dignissimosalias	dignissimosalias	dignissimosalias	dignissimosalias	dignissimosalias
25	25	nequeiusto	nequeiusto	nequeiusto	nequeiusto	nequeiusto
26	26	blanditiisesse	blanditiisesse	blanditiisesse	blanditiisesse	blanditiisesse
27	27	ipsamid	ipsamid	ipsamid	ipsamid	ipsamid
28	28	estvelit	estvelit	estvelit	estvelit	estvelit
29	29	sintplaceat	sintplaceat	sintplaceat	sintplaceat	sintplaceat
30	30	possimusodio	possimusodio	possimusodio	possimusodio	possimusodio
31	31	maioresipsum	maioresipsum	maioresipsum	maioresipsum	maioresipsum
32	32	quisconsequatur	quisconsequatur	quisconsequatur	quisconsequatur	quisconsequatur
33	33	iureab	iureab	iureab	iureab	iureab
34	34	enimminima	enimminima	enimminima	enimminima	enimminima
35	35	voluptasfugiat	voluptasfugiat	voluptasfugiat	voluptasfugiat	voluptasfugiat
36	36	laboreveritatis	laboreveritatis	laboreveritatis	laboreveritatis	laboreveritatis
37	37	nobiscupiditate	nobiscupiditate	nobiscupiditate	nobiscupiditate	nobiscupiditate
38	38	doloremfugit	doloremfugit	doloremfugit	doloremfugit	doloremfugit
39	39	fugitpraesentium	fugitpraesentium	fugitpraesentium	fugitpraesentium	fugitpraesentium
40	40	molestiasbeatae	molestiasbeatae	molestiasbeatae	molestiasbeatae	molestiasbeatae
41	41	deseruntnesciunt	deseruntnesciunt	deseruntnesciunt	deseruntnesciunt	deseruntnesciunt
42	42	consequunturomnis	consequunturomnis	consequunturomnis	consequunturomnis	consequunturomnis
43	43	deseruntpariatur	deseruntpariatur	deseruntpariatur	deseruntpariatur	deseruntpariatur
44	44	temporerepellendus	temporerepellendus	temporerepellendus	temporerepellendus	temporerepellendus
45	45	quamvitae	quamvitae	quamvitae	quamvitae	quamvitae
46	46	sedaperiam	sedaperiam	sedaperiam	sedaperiam	sedaperiam
47	47	totamperspiciatis	totamperspiciatis	totamperspiciatis	totamperspiciatis	totamperspiciatis
48	48	temporemaxime	temporemaxime	temporemaxime	temporemaxime	temporemaxime
49	49	exercitationematque	exercitationematque	exercitationematque	exercitationematque	exercitationematque
50	50	consecteturvoluptas	consecteturvoluptas	consecteturvoluptas	consecteturvoluptas	consecteturvoluptas
51	51	eiusasperiores	eiusasperiores	eiusasperiores	eiusasperiores	eiusasperiores
52	52	aspernaturipsa	aspernaturipsa	aspernaturipsa	aspernaturipsa	aspernaturipsa
53	53	optioex	optioex	optioex	optioex	optioex
54	54	ipsaerror	ipsaerror	ipsaerror	ipsaerror	ipsaerror
55	55	accusantiumvero	accusantiumvero	accusantiumvero	accusantiumvero	accusantiumvero
56	56	deseruntiusto	deseruntiusto	deseruntiusto	deseruntiusto	deseruntiusto
57	57	nonsapiente	nonsapiente	nonsapiente	nonsapiente	nonsapiente
58	58	sedofficiis	sedofficiis	sedofficiis	sedofficiis	sedofficiis
59	59	adrerum	adrerum	adrerum	adrerum	adrerum
60	60	liberoqui	liberoqui	liberoqui	liberoqui	liberoqui
61	61	insaepe	insaepe	insaepe	insaepe	insaepe
62	62	voluptatemporro	voluptatemporro	voluptatemporro	voluptatemporro	voluptatemporro
63	63	veritatisvoluptates	veritatisvoluptates	veritatisvoluptates	veritatisvoluptates	veritatisvoluptates
64	64	assumendadolorem	assumendadolorem	assumendadolorem	assumendadolorem	assumendadolorem
65	65	ipsamdoloremque	ipsamdoloremque	ipsamdoloremque	ipsamdoloremque	ipsamdoloremque
66	66	laboreut	laboreut	laboreut	laboreut	laboreut
67	67	aliquidoccaecati	aliquidoccaecati	aliquidoccaecati	aliquidoccaecati	aliquidoccaecati
68	68	hicunde	hicunde	hicunde	hicunde	hicunde
69	69	temporibusminima	temporibusminima	temporibusminima	temporibusminima	temporibusminima
70	70	quisvel	quisvel	quisvel	quisvel	quisvel
71	71	accusamusquas	accusamusquas	accusamusquas	accusamusquas	accusamusquas
72	72	explicabolaboriosam	explicabolaboriosam	explicabolaboriosam	explicabolaboriosam	explicabolaboriosam
73	73	earumeaque	earumeaque	earumeaque	earumeaque	earumeaque
74	74	minimaerror	minimaerror	minimaerror	minimaerror	minimaerror
75	75	veldignissimos	veldignissimos	veldignissimos	veldignissimos	veldignissimos
76	76	providentmolestiae	providentmolestiae	providentmolestiae	providentmolestiae	providentmolestiae
77	77	sitnon	sitnon	sitnon	sitnon	sitnon
78	78	aspernaturconsequatur	aspernaturconsequatur	aspernaturconsequatur	aspernaturconsequatur	aspernaturconsequatur
79	79	cupiditateipsa	cupiditateipsa	cupiditateipsa	cupiditateipsa	cupiditateipsa
80	80	accusantiumducimus	accusantiumducimus	accusantiumducimus	accusantiumducimus	accusantiumducimus
81	81	culpabeatae	culpabeatae	culpabeatae	culpabeatae	culpabeatae
82	82	totamcupiditate	totamcupiditate	totamcupiditate	totamcupiditate	totamcupiditate
83	83	autemrem	autemrem	autemrem	autemrem	autemrem
84	84	nesciuntipsam	nesciuntipsam	nesciuntipsam	nesciuntipsam	nesciuntipsam
85	85	ipsamconsectetur	ipsamconsectetur	ipsamconsectetur	ipsamconsectetur	ipsamconsectetur
86	86	eumvitae	eumvitae	eumvitae	eumvitae	eumvitae
87	87	perferendisreprehenderit	perferendisreprehenderit	perferendisreprehenderit	perferendisreprehenderit	perferendisreprehenderit
88	88	ametneque	ametneque	ametneque	ametneque	ametneque
89	89	iuresaepe	iuresaepe	iuresaepe	iuresaepe	iuresaepe
90	90	recusandaequae	recusandaequae	recusandaequae	recusandaequae	recusandaequae
91	91	impeditearum	impeditearum	impeditearum	impeditearum	impeditearum
92	92	eaerror	eaerror	eaerror	eaerror	eaerror
93	93	porroautem	porroautem	porroautem	porroautem	porroautem
94	94	nequenihil	nequenihil	nequenihil	nequenihil	nequenihil
95	95	estnam	estnam	estnam	estnam	estnam
96	96	laboreeligendi	laboreeligendi	laboreeligendi	laboreeligendi	laboreeligendi
97	97	quibusdamalias	quibusdamalias	quibusdamalias	quibusdamalias	quibusdamalias
98	98	inearum	inearum	inearum	inearum	inearum
99	99	apossimus	apossimus	apossimus	apossimus	apossimus
100	100	temporalaudantium	temporalaudantium	temporalaudantium	temporalaudantium	temporalaudantium
\.


--
-- TOC entry 6606 (class 0 OID 34155396)
-- Dependencies: 306
-- Data for Name: operador; Type: TABLE DATA; Schema: public; Owner: ut39elwjcrghcgqdwqgw
--

COPY public.operador (id_operador, maquina_id_maq, producao, dat_ingre_funcao, turno, funcao, setor, dat_uso_maq) FROM stdin;
1	1	optiomagni	2015-04-26 00:00:00	optiomagni	optiomagni	optiomagni	2015-04-26
2	2	liberorem	2014-05-10 00:00:00	liberorem	liberorem	liberorem	2014-05-10
3	3	velitodio	2013-09-17 00:00:00	velitodio	velitodio	velitodio	2013-09-17
4	4	suntdoloribus	2015-07-13 00:00:00	suntdoloribus	suntdoloribus	suntdoloribus	2015-07-13
5	5	quisquamcommodi	2014-11-07 00:00:00	quisquamcommodi	quisquamcommodi	quisquamcommodi	2014-11-07
6	6	assumendaullam	2015-05-06 00:00:00	assumendaullam	assumendaullam	assumendaullam	2015-05-06
7	7	eosadipisci	2016-05-13 00:00:00	eosadipisci	eosadipisci	eosadipisci	2016-05-13
8	8	iustosint	2013-10-31 00:00:00	iustosint	iustosint	iustosint	2013-10-31
9	9	utneque	2013-11-28 00:00:00	utneque	utneque	utneque	2013-11-28
10	10	maioresdoloremque	2016-02-13 00:00:00	maioresdoloremque	maioresdoloremque	maioresdoloremque	2016-02-13
11	11	molestiaeet	2016-05-24 00:00:00	molestiaeet	molestiaeet	molestiaeet	2016-05-24
12	12	sapientepariatur	2017-09-13 00:00:00	sapientepariatur	sapientepariatur	sapientepariatur	2017-09-13
13	13	namquasi	2014-03-08 00:00:00	namquasi	namquasi	namquasi	2014-03-08
14	14	nesciuntillo	2013-11-28 00:00:00	nesciuntillo	nesciuntillo	nesciuntillo	2013-11-28
15	15	minimanobis	2015-11-06 00:00:00	minimanobis	minimanobis	minimanobis	2015-11-06
16	16	pariaturofficia	2012-12-24 00:00:00	pariaturofficia	pariaturofficia	pariaturofficia	2012-12-24
17	17	repellendusqui	2013-08-04 00:00:00	repellendusqui	repellendusqui	repellendusqui	2013-08-04
18	18	dictacum	2013-05-12 00:00:00	dictacum	dictacum	dictacum	2013-05-12
19	19	fugiatcum	2017-03-18 00:00:00	fugiatcum	fugiatcum	fugiatcum	2017-03-18
20	20	excepturiquidem	2013-05-18 00:00:00	excepturiquidem	excepturiquidem	excepturiquidem	2013-05-18
21	21	atdolore	2017-01-18 00:00:00	atdolore	atdolore	atdolore	2017-01-18
22	22	cupiditateplaceat	2017-09-05 00:00:00	cupiditateplaceat	cupiditateplaceat	cupiditateplaceat	2017-09-05
23	23	asperioresminima	2015-12-03 00:00:00	asperioresminima	asperioresminima	asperioresminima	2015-12-03
24	24	ablabore	2015-01-14 00:00:00	ablabore	ablabore	ablabore	2015-01-14
25	25	debitisillum	2012-11-16 00:00:00	debitisillum	debitisillum	debitisillum	2012-11-16
26	26	delenitiminima	2014-05-29 00:00:00	delenitiminima	delenitiminima	delenitiminima	2014-05-29
27	27	doloremquenemo	2013-03-09 00:00:00	doloremquenemo	doloremquenemo	doloremquenemo	2013-03-09
28	28	quinostrum	2014-07-18 00:00:00	quinostrum	quinostrum	quinostrum	2014-07-18
29	29	cupiditatequasi	2017-10-05 00:00:00	cupiditatequasi	cupiditatequasi	cupiditatequasi	2017-10-05
30	30	illonulla	2017-07-31 00:00:00	illonulla	illonulla	illonulla	2017-07-31
31	31	illoest	2014-07-03 00:00:00	illoest	illoest	illoest	2014-07-03
32	32	ullamet	2017-07-16 00:00:00	ullamet	ullamet	ullamet	2017-07-16
33	33	providentconsectetur	2014-01-06 00:00:00	providentconsectetur	providentconsectetur	providentconsectetur	2014-01-06
34	34	facereconsequuntur	2013-11-10 00:00:00	facereconsequuntur	facereconsequuntur	facereconsequuntur	2013-11-10
35	35	excepturilaudantium	2013-04-07 00:00:00	excepturilaudantium	excepturilaudantium	excepturilaudantium	2013-04-07
36	36	nihilquia	2013-11-14 00:00:00	nihilquia	nihilquia	nihilquia	2013-11-14
37	37	quislaudantium	2017-04-24 00:00:00	quislaudantium	quislaudantium	quislaudantium	2017-04-24
38	38	debitisquo	2014-01-22 00:00:00	debitisquo	debitisquo	debitisquo	2014-01-22
39	39	natusaccusamus	2013-05-14 00:00:00	natusaccusamus	natusaccusamus	natusaccusamus	2013-05-14
40	40	eadolore	2013-05-06 00:00:00	eadolore	eadolore	eadolore	2013-05-06
41	41	voluptatemquibusdam	2014-01-05 00:00:00	voluptatemquibusdam	voluptatemquibusdam	voluptatemquibusdam	2014-01-05
42	42	ametfacilis	2013-09-17 00:00:00	ametfacilis	ametfacilis	ametfacilis	2013-09-17
43	43	quosquos	2014-12-09 00:00:00	quosquos	quosquos	quosquos	2014-12-09
44	44	sintveritatis	2017-10-05 00:00:00	sintveritatis	sintveritatis	sintveritatis	2017-10-05
45	45	eosquasi	2017-05-04 00:00:00	eosquasi	eosquasi	eosquasi	2017-05-04
46	46	temporibuspossimus	2017-03-15 00:00:00	temporibuspossimus	temporibuspossimus	temporibuspossimus	2017-03-15
47	47	numquamexercitationem	2016-04-09 00:00:00	numquamexercitationem	numquamexercitationem	numquamexercitationem	2016-04-09
48	48	repellatquas	2013-02-22 00:00:00	repellatquas	repellatquas	repellatquas	2013-02-22
49	49	illosuscipit	2014-04-06 00:00:00	illosuscipit	illosuscipit	illosuscipit	2014-04-06
50	50	laudantiumtotam	2015-09-29 00:00:00	laudantiumtotam	laudantiumtotam	laudantiumtotam	2015-09-29
51	51	harumsoluta	2017-10-07 00:00:00	harumsoluta	harumsoluta	harumsoluta	2017-10-07
52	52	blanditiiseveniet	2015-12-21 00:00:00	blanditiiseveniet	blanditiiseveniet	blanditiiseveniet	2015-12-21
53	53	architectoeaque	2014-08-12 00:00:00	architectoeaque	architectoeaque	architectoeaque	2014-08-12
54	54	doloremagnam	2016-03-28 00:00:00	doloremagnam	doloremagnam	doloremagnam	2016-03-28
55	55	cupiditateharum	2017-06-08 00:00:00	cupiditateharum	cupiditateharum	cupiditateharum	2017-06-08
56	56	nesciuntvoluptas	2014-09-04 00:00:00	nesciuntvoluptas	nesciuntvoluptas	nesciuntvoluptas	2014-09-04
57	57	velrepellendus	2013-08-28 00:00:00	velrepellendus	velrepellendus	velrepellendus	2013-08-28
58	58	delectusodit	2013-06-25 00:00:00	delectusodit	delectusodit	delectusodit	2013-06-25
59	59	exercitationemperferendis	2013-06-17 00:00:00	exercitationemperferendis	exercitationemperferendis	exercitationemperferendis	2013-06-17
60	60	voluptatevoluptatibus	2014-12-05 00:00:00	voluptatevoluptatibus	voluptatevoluptatibus	voluptatevoluptatibus	2014-12-05
61	61	aliquamiure	2017-01-26 00:00:00	aliquamiure	aliquamiure	aliquamiure	2017-01-26
62	62	laudantiumvoluptate	2014-01-13 00:00:00	laudantiumvoluptate	laudantiumvoluptate	laudantiumvoluptate	2014-01-13
63	63	oditanimi	2016-06-18 00:00:00	oditanimi	oditanimi	oditanimi	2016-06-18
64	64	quaeratvoluptas	2015-12-14 00:00:00	quaeratvoluptas	quaeratvoluptas	quaeratvoluptas	2015-12-14
65	65	molestiasofficia	2015-05-10 00:00:00	molestiasofficia	molestiasofficia	molestiasofficia	2015-05-10
66	66	facilisat	2015-05-03 00:00:00	facilisat	facilisat	facilisat	2015-05-03
67	67	iureconsectetur	2016-03-11 00:00:00	iureconsectetur	iureconsectetur	iureconsectetur	2016-03-11
68	68	quamexercitationem	2016-04-01 00:00:00	quamexercitationem	quamexercitationem	quamexercitationem	2016-04-01
69	69	atillo	2016-08-12 00:00:00	atillo	atillo	atillo	2016-08-12
70	70	quisconsectetur	2015-10-27 00:00:00	quisconsectetur	quisconsectetur	quisconsectetur	2015-10-27
71	71	temporefacilis	2015-05-03 00:00:00	temporefacilis	temporefacilis	temporefacilis	2015-05-03
72	72	inventoreoptio	2016-07-02 00:00:00	inventoreoptio	inventoreoptio	inventoreoptio	2016-07-02
73	73	veronon	2015-07-29 00:00:00	veronon	veronon	veronon	2015-07-29
74	74	eaexplicabo	2013-04-25 00:00:00	eaexplicabo	eaexplicabo	eaexplicabo	2013-04-25
75	75	officiisnisi	2015-03-07 00:00:00	officiisnisi	officiisnisi	officiisnisi	2015-03-07
76	76	velitnemo	2012-12-04 00:00:00	velitnemo	velitnemo	velitnemo	2012-12-04
77	77	autemharum	2013-04-25 00:00:00	autemharum	autemharum	autemharum	2013-04-25
78	78	autdelectus	2014-08-25 00:00:00	autdelectus	autdelectus	autdelectus	2014-08-25
79	79	nullasuscipit	2017-01-09 00:00:00	nullasuscipit	nullasuscipit	nullasuscipit	2017-01-09
80	80	dignissimosomnis	2013-08-28 00:00:00	dignissimosomnis	dignissimosomnis	dignissimosomnis	2013-08-28
81	81	occaecatialias	2016-04-02 00:00:00	occaecatialias	occaecatialias	occaecatialias	2016-04-02
82	82	minimamolestiae	2015-02-08 00:00:00	minimamolestiae	minimamolestiae	minimamolestiae	2015-02-08
83	83	cupiditatequod	2013-02-26 00:00:00	cupiditatequod	cupiditatequod	cupiditatequod	2013-02-26
84	84	natusesse	2016-03-30 00:00:00	natusesse	natusesse	natusesse	2016-03-30
85	85	deleniticonsectetur	2013-02-03 00:00:00	deleniticonsectetur	deleniticonsectetur	deleniticonsectetur	2013-02-03
86	86	magnidoloremque	2017-10-29 00:00:00	magnidoloremque	magnidoloremque	magnidoloremque	2017-10-29
87	87	porrorerum	2015-01-22 00:00:00	porrorerum	porrorerum	porrorerum	2015-01-22
88	88	voluptatemiste	2014-06-19 00:00:00	voluptatemiste	voluptatemiste	voluptatemiste	2014-06-19
89	89	exercitationemid	2014-02-07 00:00:00	exercitationemid	exercitationemid	exercitationemid	2014-02-07
90	90	evenietdolorem	2014-01-21 00:00:00	evenietdolorem	evenietdolorem	evenietdolorem	2014-01-21
91	91	maioresfugiat	2016-11-28 00:00:00	maioresfugiat	maioresfugiat	maioresfugiat	2016-11-28
92	92	quisoccaecati	2015-01-28 00:00:00	quisoccaecati	quisoccaecati	quisoccaecati	2015-01-28
93	93	atqueprovident	2016-05-06 00:00:00	atqueprovident	atqueprovident	atqueprovident	2016-05-06
94	94	laborumdelectus	2017-06-26 00:00:00	laborumdelectus	laborumdelectus	laborumdelectus	2017-06-26
95	95	inexplicabo	2016-10-24 00:00:00	inexplicabo	inexplicabo	inexplicabo	2016-10-24
96	96	delenitiperferendis	2014-05-29 00:00:00	delenitiperferendis	delenitiperferendis	delenitiperferendis	2014-05-29
97	97	veritatisrem	2016-11-23 00:00:00	veritatisrem	veritatisrem	veritatisrem	2016-11-23
98	98	delectusmaxime	2015-01-31 00:00:00	delectusmaxime	delectusmaxime	delectusmaxime	2015-01-31
99	99	laborequi	2015-07-24 00:00:00	laborequi	laborequi	laborequi	2015-07-24
100	100	perspiciatisporro	2017-01-14 00:00:00	perspiciatisporro	perspiciatisporro	perspiciatisporro	2017-01-14
\.


--
-- TOC entry 6613 (class 0 OID 34155476)
-- Dependencies: 313
-- Data for Name: peca; Type: TABLE DATA; Schema: public; Owner: ut39elwjcrghcgqdwqgw
--

COPY public.peca (id_peca, qtd_iten, descricao, manutencao_id_manutencao) FROM stdin;
1	6	aliquidnisi	1
2	76	doloresvoluptates	2
3	87	quaspraesentium	3
4	57	accusantiumnobis	4
5	68	nisidebitis	5
6	12	suntaccusantium	6
7	11	praesentiumcupiditate	7
8	25	temporemolestiae	8
9	87	facilispariatur	9
10	42	quisquamvoluptatibus	10
11	76	quamreprehenderit	11
12	73	nequelaboriosam	12
13	82	acommodi	13
14	29	blanditiisid	14
15	86	nihilhic	15
16	90	laborereiciendis	16
17	34	laborelaborum	17
18	27	voluptassunt	18
19	67	maiorescorrupti	19
20	92	voluptatescum	20
21	65	voluptateaccusantium	21
22	29	dolorumexercitationem	22
23	65	suntatque	23
24	17	repellendusadipisci	24
25	72	veniamipsam	25
26	17	adipiscihic	26
27	49	fugitaperiam	27
28	16	dolorestotam	28
29	10	voluptasunde	29
30	62	ipsamcupiditate	30
31	58	maximelabore	31
32	72	possimusdolorem	32
33	74	adiusto	33
34	50	voluptatessaepe	34
35	80	absuscipit	35
36	64	veliteius	36
37	84	reiciendisrem	37
38	13	sapienteconsequuntur	38
39	89	eummagnam	39
40	70	molestiasvoluptatem	40
41	23	animitenetur	41
42	97	laborequod	42
43	37	debitisqui	43
44	28	nammolestiae	44
45	74	asperioresquod	45
46	3	quibusdamcommodi	46
47	93	quasporro	47
48	92	voluptatumsaepe	48
49	78	asperioresnumquam	49
50	90	quivero	50
51	9	repellatpraesentium	51
52	19	laborumdoloribus	52
53	45	repellatcorporis	53
54	7	explicaboin	54
55	42	atcorrupti	55
56	53	maioresmodi	56
57	1	ametodio	57
58	99	oditquo	58
59	46	nemonemo	59
60	26	hicat	60
61	32	praesentiumrem	61
62	5	eosexcepturi	62
63	64	deseruntfacere	63
64	97	maximea	64
65	99	temporadolores	65
66	18	quodnatus	66
67	98	etassumenda	67
68	84	oditminus	68
69	14	magnitenetur	69
70	5	natusconsequatur	70
71	29	quaeratcorrupti	71
72	63	iureeaque	72
73	63	adignissimos	73
74	33	sitrem	74
75	18	quaetotam	75
76	71	sintexcepturi	76
77	49	abminus	77
78	88	temporealiquid	78
79	63	dolorumquis	79
80	31	vitaeporro	80
81	72	estaperiam	81
82	79	atveniam	82
83	22	sapienteasperiores	83
84	4	avoluptate	84
85	71	quaslaboriosam	85
86	80	cumunde	86
87	86	animitempora	87
88	40	officiatempore	88
89	43	dolorlaborum	89
90	53	sitplaceat	90
91	53	suntaperiam	91
92	34	reiciendisadipisci	92
93	28	ipsamcumque	93
94	50	consequunturnisi	94
95	62	quisoluta	95
96	2	eiusaperiam	96
97	57	omnisunde	97
98	62	excepturisint	98
99	81	officiaprovident	99
100	33	necessitatibusitaque	100
\.


--
-- TOC entry 6607 (class 0 OID 34155406)
-- Dependencies: 307
-- Data for Name: producao; Type: TABLE DATA; Schema: public; Owner: ut39elwjcrghcgqdwqgw
--

COPY public.producao (id_producao, dat_fabricacao, qtd_prodcao_item, lote_producao, linha_producao, qtd_descarte) FROM stdin;
1	2017-01-13	24	36	36	36
2	2016-07-10	44	98	98	98
3	2013-05-06	19	79	79	79
4	2017-06-02	52	120	120	120
5	2016-07-13	89	129	129	129
6	2014-04-05	73	181	181	181
7	2014-09-14	67	185	185	185
8	2012-12-02	24	185	185	185
9	2013-10-02	18	154	154	154
10	2014-01-22	11	146	146	146
11	2013-11-25	92	170	170	170
12	2017-09-05	13	166	166	166
13	2017-02-14	4	104	104	104
14	2017-04-22	58	161	161	161
15	2017-08-15	10	103	103	103
16	2017-03-13	22	176	176	176
17	2013-11-23	1	45	45	45
18	2016-12-10	63	179	179	179
19	2014-08-18	42	151	151	151
20	2015-04-07	67	117	117	117
21	2012-12-10	54	111	111	111
22	2017-09-25	11	7	7	7
23	2017-03-31	47	28	28	28
24	2014-12-03	40	169	169	169
25	2015-11-08	36	146	146	146
26	2015-11-05	57	147	147	147
27	2015-01-11	12	38	38	38
28	2014-05-11	91	101	101	101
29	2015-10-19	74	160	160	160
30	2014-10-10	21	169	169	169
31	2012-11-19	71	197	197	197
32	2013-05-20	94	144	144	144
33	2014-09-24	65	190	190	190
34	2014-03-24	1	98	98	98
35	2013-10-21	81	138	138	138
36	2014-11-02	49	144	144	144
37	2016-05-19	10	168	168	168
38	2014-08-08	14	138	138	138
39	2013-03-22	93	140	140	140
40	2013-06-07	11	121	121	121
41	2017-07-13	8	87	87	87
42	2015-11-30	33	101	101	101
43	2017-02-23	52	126	126	126
44	2013-11-19	22	147	147	147
45	2016-06-19	63	68	68	68
46	2013-12-22	85	151	151	151
47	2016-07-08	67	74	74	74
48	2015-05-06	34	13	13	13
49	2017-02-08	32	67	67	67
50	2014-10-15	92	1	1	1
51	2017-02-16	95	23	23	23
52	2014-01-25	87	156	156	156
53	2017-02-28	80	92	92	92
54	2015-09-30	23	96	96	96
55	2014-12-04	98	92	92	92
56	2015-02-28	67	93	93	93
57	2013-06-14	77	183	183	183
58	2015-01-19	65	108	108	108
59	2017-03-02	50	153	153	153
60	2015-05-01	31	3	3	3
61	2017-07-16	34	154	154	154
62	2013-08-19	69	77	77	77
63	2016-05-09	35	112	112	112
64	2015-06-11	67	109	109	109
65	2015-12-31	23	75	75	75
66	2014-05-24	81	77	77	77
67	2012-12-21	50	124	124	124
68	2017-06-18	74	78	78	78
69	2013-05-30	37	10	10	10
70	2014-01-16	34	69	69	69
71	2013-06-22	85	16	16	16
72	2014-03-13	24	44	44	44
73	2017-10-02	82	10	10	10
74	2012-11-23	3	192	192	192
75	2013-04-03	11	20	20	20
76	2015-03-30	91	170	170	170
77	2013-09-27	49	44	44	44
78	2016-02-10	75	188	188	188
79	2017-02-20	78	110	110	110
80	2014-12-16	75	42	42	42
81	2013-06-18	19	100	100	100
82	2015-02-02	40	49	49	49
83	2015-06-25	54	32	32	32
84	2017-06-17	52	90	90	90
85	2014-08-07	77	35	35	35
86	2013-01-25	11	92	92	92
87	2017-07-20	82	22	22	22
88	2015-06-27	62	179	179	179
89	2017-08-26	26	146	146	146
90	2014-02-09	8	124	124	124
91	2017-03-30	3	174	174	174
92	2015-11-13	37	6	6	6
93	2014-07-12	76	120	120	120
94	2013-04-11	90	192	192	192
95	2014-06-04	45	113	113	113
96	2013-02-07	46	94	94	94
97	2014-04-15	75	111	111	111
98	2013-04-15	55	87	87	87
99	2016-07-03	52	117	117	117
100	2015-06-08	3	37	37	37
\.


--
-- TOC entry 6608 (class 0 OID 34155411)
-- Dependencies: 308
-- Data for Name: produto; Type: TABLE DATA; Schema: public; Owner: ut39elwjcrghcgqdwqgw
--

COPY public.produto (id_prod, estoque_materia_id, producao_id_producao, maquina_id_maq, descricao) FROM stdin;
1	85	1	1	expeditaconsectetur
2	19	2	2	aliquidtempore
3	99	3	3	consequuntursuscipit
4	71	4	4	eligendiad
\.


--
-- TOC entry 6349 (class 0 OID 1379180)
-- Dependencies: 245
-- Data for Name: spatial_ref_sys; Type: TABLE DATA; Schema: public; Owner: postgres
--

COPY public.spatial_ref_sys (srid, auth_name, auth_srid, srtext, proj4text) FROM stdin;
\.


--
-- TOC entry 6610 (class 0 OID 34155446)
-- Dependencies: 310
-- Data for Name: tecnico; Type: TABLE DATA; Schema: public; Owner: ut39elwjcrghcgqdwqgw
--

COPY public.tecnico (id_tecnico, nome, especialidade) FROM stdin;
1	culpaofficia	culpaofficia
2	magnamvero	magnamvero
3	sedmaiores	sedmaiores
4	veronostrum	veronostrum
5	exercitationemipsum	exercitationemipsum
6	culpaexcepturi	culpaexcepturi
7	necessitatibusblanditiis	necessitatibusblanditiis
8	fugiatratione	fugiatratione
9	namofficiis	namofficiis
10	placeattotam	placeattotam
11	assumendaconsequatur	assumendaconsequatur
12	nobisrerum	nobisrerum
13	quodnon	quodnon
14	doloreassumenda	doloreassumenda
15	rempariatur	rempariatur
16	magnivoluptatum	magnivoluptatum
17	quaerata	quaerata
18	solutaullam	solutaullam
19	vitaemolestiae	vitaemolestiae
20	dignissimosnihil	dignissimosnihil
21	repellattenetur	repellattenetur
22	hicquas	hicquas
23	saepepossimus	saepepossimus
24	voluptatumdignissimos	voluptatumdignissimos
25	eaqueesse	eaqueesse
26	illorerum	illorerum
27	veniamconsectetur	veniamconsectetur
28	dignissimosplaceat	dignissimosplaceat
29	modiquis	modiquis
30	laborumvitae	laborumvitae
31	quibusdamqui	quibusdamqui
32	veritatisaccusamus	veritatisaccusamus
33	architectoeveniet	architectoeveniet
34	sapientedeleniti	sapientedeleniti
35	itaqueut	itaqueut
36	mollitiaillum	mollitiaillum
37	idperferendis	idperferendis
38	natusnon	natusnon
39	rationein	rationein
40	abdolore	abdolore
41	explicaborepudiandae	explicaborepudiandae
42	sitmaiores	sitmaiores
43	fugitexcepturi	fugitexcepturi
44	itaquenemo	itaquenemo
45	odiosapiente	odiosapiente
46	accusamusiste	accusamusiste
47	commodieligendi	commodieligendi
48	illoquo	illoquo
49	providentexpedita	providentexpedita
50	solutavitae	solutavitae
51	dolorumfugiat	dolorumfugiat
52	atipsum	atipsum
53	beataeamet	beataeamet
54	odioearum	odioearum
55	dictafacere	dictafacere
56	aspernaturaliquam	aspernaturaliquam
57	rerumesse	rerumesse
58	nostrumconsectetur	nostrumconsectetur
59	quasplaceat	quasplaceat
60	veniamreprehenderit	veniamreprehenderit
61	fugadolorem	fugadolorem
62	voluptateodio	voluptateodio
63	nostruma	nostruma
64	sapientequisquam	sapientequisquam
65	voluptateerror	voluptateerror
66	asperiorestotam	asperiorestotam
67	nemoexcepturi	nemoexcepturi
68	eavoluptatem	eavoluptatem
69	nequesed	nequesed
70	dignissimosid	dignissimosid
71	quodmolestiae	quodmolestiae
72	laudantiumeius	laudantiumeius
73	omnisincidunt	omnisincidunt
74	laborumenim	laborumenim
75	istepraesentium	istepraesentium
76	doloremqueexercitationem	doloremqueexercitationem
77	impeditquia	impeditquia
78	corruptiarchitecto	corruptiarchitecto
79	abdolore	abdolore
80	natusab	natusab
81	ipsavelit	ipsavelit
82	possimusexplicabo	possimusexplicabo
83	enimvoluptatum	enimvoluptatum
84	pariaturrepellat	pariaturrepellat
85	corruptiillum	corruptiillum
86	doloribusmagni	doloribusmagni
87	saepeatque	saepeatque
88	aliquamdolorum	aliquamdolorum
89	debitisexcepturi	debitisexcepturi
90	recusandaeaccusamus	recusandaeaccusamus
91	cumnatus	cumnatus
92	harumoccaecati	harumoccaecati
93	aperiamrecusandae	aperiamrecusandae
94	voluptasenim	voluptasenim
95	magninulla	magninulla
96	praesentiumcupiditate	praesentiumcupiditate
97	nemoaccusamus	nemoaccusamus
98	doloremsoluta	doloremsoluta
99	estbeatae	estbeatae
100	delenitipariatur	delenitipariatur
\.


--
-- TOC entry 6612 (class 0 OID 34155466)
-- Dependencies: 312
-- Data for Name: verificacao; Type: TABLE DATA; Schema: public; Owner: ut39elwjcrghcgqdwqgw
--

COPY public.verificacao (id_verificacao, descricao, manutencao_id_manutencao) FROM stdin;
1	adipisciadipisci	1
2	odioiure	2
3	maioresvoluptatem	3
4	quodsoluta	4
5	quimolestias	5
6	magnidolores	6
7	dolorumtotam	7
8	sedquidem	8
9	ipsaeum	9
10	adipisciet	10
11	mollitianobis	11
12	nemovelit	12
13	corruptiex	13
14	eumiure	14
15	corporisdebitis	15
16	voluptatemipsum	16
17	voluptasex	17
18	earumillum	18
19	minimadolores	19
20	verodolorem	20
21	maioresaperiam	21
22	modieos	22
23	occaecatifacilis	23
24	aliquidab	24
25	magniipsum	25
26	rationequos	26
27	beataeab	27
28	abvoluptate	28
29	asperioresvoluptates	29
30	quibusdamdoloribus	30
31	estmollitia	31
32	undequidem	32
33	aperiamquisquam	33
34	pariaturpariatur	34
35	recusandaevero	35
36	oditdolorum	36
37	modieum	37
38	atquevoluptatum	38
39	quisamet	39
40	quameaque	40
41	aliquidesse	41
42	quasieius	42
43	harumvoluptatibus	43
44	quolaborum	44
45	debitissed	45
46	voluptatemagni	46
47	officiavero	47
48	undeoccaecati	48
49	necessitatibusquae	49
50	veniamasperiores	50
51	sedin	51
52	seddolor	52
53	accusamuscorporis	53
54	quaeratfacilis	54
55	magninihil	55
56	possimusoccaecati	56
57	eumexplicabo	57
58	adaliquid	58
59	oditmolestias	59
60	nemoratione	60
61	omniset	61
62	providentrem	62
63	iustorerum	63
64	quorepudiandae	64
65	aliquidcorporis	65
66	laborumvero	66
67	blanditiisdeleniti	67
68	totamat	68
69	quidemofficia	69
70	possimusipsum	70
71	quosnisi	71
72	recusandaelaboriosam	72
73	impeditnihil	73
74	solutanulla	74
75	sequidolorem	75
76	totamomnis	76
77	quibusdamvoluptatibus	77
78	illorem	78
79	voluptatumvoluptatibus	79
80	abtempora	80
81	nemoquod	81
82	cumdolorem	82
83	eiusvoluptatem	83
84	nemoodio	84
85	namamet	85
86	quibusdamest	86
87	fugitalias	87
88	explicabomodi	88
89	quidemquia	89
90	distinctiooccaecati	90
91	corporisaliquid	91
92	ullama	92
93	assumendapraesentium	93
94	beataepraesentium	94
95	nisinobis	95
96	minimatotam	96
97	eosveritatis	97
98	quibusdamrepudiandae	98
99	distinctiocorrupti	99
100	consequunturneque	100
\.


--
-- TOC entry 6641 (class 0 OID 0)
-- Dependencies: 328
-- Name: auth_group_id_seq; Type: SEQUENCE SET; Schema: public; Owner: ut39elwjcrghcgqdwqgw
--

SELECT pg_catalog.setval('public.auth_group_id_seq', 16, true);


--
-- TOC entry 6642 (class 0 OID 0)
-- Dependencies: 330
-- Name: auth_group_permissions_id_seq; Type: SEQUENCE SET; Schema: public; Owner: ut39elwjcrghcgqdwqgw
--

SELECT pg_catalog.setval('public.auth_group_permissions_id_seq', 505, true);


--
-- TOC entry 6643 (class 0 OID 0)
-- Dependencies: 326
-- Name: auth_permission_id_seq; Type: SEQUENCE SET; Schema: public; Owner: ut39elwjcrghcgqdwqgw
--

SELECT pg_catalog.setval('public.auth_permission_id_seq', 84, true);


--
-- TOC entry 6644 (class 0 OID 0)
-- Dependencies: 334
-- Name: auth_user_groups_id_seq; Type: SEQUENCE SET; Schema: public; Owner: ut39elwjcrghcgqdwqgw
--

SELECT pg_catalog.setval('public.auth_user_groups_id_seq', 1, false);


--
-- TOC entry 6645 (class 0 OID 0)
-- Dependencies: 332
-- Name: auth_user_id_seq; Type: SEQUENCE SET; Schema: public; Owner: ut39elwjcrghcgqdwqgw
--

SELECT pg_catalog.setval('public.auth_user_id_seq', 1, true);


--
-- TOC entry 6646 (class 0 OID 0)
-- Dependencies: 336
-- Name: auth_user_user_permissions_id_seq; Type: SEQUENCE SET; Schema: public; Owner: ut39elwjcrghcgqdwqgw
--

SELECT pg_catalog.setval('public.auth_user_user_permissions_id_seq', 1, false);


--
-- TOC entry 6647 (class 0 OID 0)
-- Dependencies: 338
-- Name: django_admin_log_id_seq; Type: SEQUENCE SET; Schema: public; Owner: ut39elwjcrghcgqdwqgw
--

SELECT pg_catalog.setval('public.django_admin_log_id_seq', 39, true);


--
-- TOC entry 6648 (class 0 OID 0)
-- Dependencies: 324
-- Name: django_content_type_id_seq; Type: SEQUENCE SET; Schema: public; Owner: ut39elwjcrghcgqdwqgw
--

SELECT pg_catalog.setval('public.django_content_type_id_seq', 21, true);


--
-- TOC entry 6649 (class 0 OID 0)
-- Dependencies: 322
-- Name: django_migrations_id_seq; Type: SEQUENCE SET; Schema: public; Owner: ut39elwjcrghcgqdwqgw
--

SELECT pg_catalog.setval('public.django_migrations_id_seq', 19, true);


--
-- TOC entry 6410 (class 2606 OID 34488366)
-- Name: auth_group auth_group_name_key; Type: CONSTRAINT; Schema: public; Owner: ut39elwjcrghcgqdwqgw
--

ALTER TABLE ONLY public.auth_group
    ADD CONSTRAINT auth_group_name_key UNIQUE (name);


--
-- TOC entry 6415 (class 2606 OID 34488293)
-- Name: auth_group_permissions auth_group_permissions_group_id_permission_id_0cd325b0_uniq; Type: CONSTRAINT; Schema: public; Owner: ut39elwjcrghcgqdwqgw
--

ALTER TABLE ONLY public.auth_group_permissions
    ADD CONSTRAINT auth_group_permissions_group_id_permission_id_0cd325b0_uniq UNIQUE (group_id, permission_id);


--
-- TOC entry 6418 (class 2606 OID 34488259)
-- Name: auth_group_permissions auth_group_permissions_pkey; Type: CONSTRAINT; Schema: public; Owner: ut39elwjcrghcgqdwqgw
--

ALTER TABLE ONLY public.auth_group_permissions
    ADD CONSTRAINT auth_group_permissions_pkey PRIMARY KEY (id);


--
-- TOC entry 6412 (class 2606 OID 34488250)
-- Name: auth_group auth_group_pkey; Type: CONSTRAINT; Schema: public; Owner: ut39elwjcrghcgqdwqgw
--

ALTER TABLE ONLY public.auth_group
    ADD CONSTRAINT auth_group_pkey PRIMARY KEY (id);


--
-- TOC entry 6405 (class 2606 OID 34488284)
-- Name: auth_permission auth_permission_content_type_id_codename_01ab375a_uniq; Type: CONSTRAINT; Schema: public; Owner: ut39elwjcrghcgqdwqgw
--

ALTER TABLE ONLY public.auth_permission
    ADD CONSTRAINT auth_permission_content_type_id_codename_01ab375a_uniq UNIQUE (content_type_id, codename);


--
-- TOC entry 6407 (class 2606 OID 34488243)
-- Name: auth_permission auth_permission_pkey; Type: CONSTRAINT; Schema: public; Owner: ut39elwjcrghcgqdwqgw
--

ALTER TABLE ONLY public.auth_permission
    ADD CONSTRAINT auth_permission_pkey PRIMARY KEY (id);


--
-- TOC entry 6426 (class 2606 OID 34488275)
-- Name: auth_user_groups auth_user_groups_pkey; Type: CONSTRAINT; Schema: public; Owner: ut39elwjcrghcgqdwqgw
--

ALTER TABLE ONLY public.auth_user_groups
    ADD CONSTRAINT auth_user_groups_pkey PRIMARY KEY (id);


--
-- TOC entry 6429 (class 2606 OID 34488308)
-- Name: auth_user_groups auth_user_groups_user_id_group_id_94350c0c_uniq; Type: CONSTRAINT; Schema: public; Owner: ut39elwjcrghcgqdwqgw
--

ALTER TABLE ONLY public.auth_user_groups
    ADD CONSTRAINT auth_user_groups_user_id_group_id_94350c0c_uniq UNIQUE (user_id, group_id);


--
-- TOC entry 6420 (class 2606 OID 34488266)
-- Name: auth_user auth_user_pkey; Type: CONSTRAINT; Schema: public; Owner: ut39elwjcrghcgqdwqgw
--

ALTER TABLE ONLY public.auth_user
    ADD CONSTRAINT auth_user_pkey PRIMARY KEY (id);


--
-- TOC entry 6432 (class 2606 OID 34488282)
-- Name: auth_user_user_permissions auth_user_user_permissions_pkey; Type: CONSTRAINT; Schema: public; Owner: ut39elwjcrghcgqdwqgw
--

ALTER TABLE ONLY public.auth_user_user_permissions
    ADD CONSTRAINT auth_user_user_permissions_pkey PRIMARY KEY (id);


--
-- TOC entry 6435 (class 2606 OID 34488322)
-- Name: auth_user_user_permissions auth_user_user_permissions_user_id_permission_id_14a6b632_uniq; Type: CONSTRAINT; Schema: public; Owner: ut39elwjcrghcgqdwqgw
--

ALTER TABLE ONLY public.auth_user_user_permissions
    ADD CONSTRAINT auth_user_user_permissions_user_id_permission_id_14a6b632_uniq UNIQUE (user_id, permission_id);


--
-- TOC entry 6423 (class 2606 OID 34488360)
-- Name: auth_user auth_user_username_key; Type: CONSTRAINT; Schema: public; Owner: ut39elwjcrghcgqdwqgw
--

ALTER TABLE ONLY public.auth_user
    ADD CONSTRAINT auth_user_username_key UNIQUE (username);


--
-- TOC entry 6438 (class 2606 OID 34488345)
-- Name: django_admin_log django_admin_log_pkey; Type: CONSTRAINT; Schema: public; Owner: ut39elwjcrghcgqdwqgw
--

ALTER TABLE ONLY public.django_admin_log
    ADD CONSTRAINT django_admin_log_pkey PRIMARY KEY (id);


--
-- TOC entry 6400 (class 2606 OID 34488235)
-- Name: django_content_type django_content_type_app_label_model_76bd3d3b_uniq; Type: CONSTRAINT; Schema: public; Owner: ut39elwjcrghcgqdwqgw
--

ALTER TABLE ONLY public.django_content_type
    ADD CONSTRAINT django_content_type_app_label_model_76bd3d3b_uniq UNIQUE (app_label, model);


--
-- TOC entry 6402 (class 2606 OID 34488233)
-- Name: django_content_type django_content_type_pkey; Type: CONSTRAINT; Schema: public; Owner: ut39elwjcrghcgqdwqgw
--

ALTER TABLE ONLY public.django_content_type
    ADD CONSTRAINT django_content_type_pkey PRIMARY KEY (id);


--
-- TOC entry 6398 (class 2606 OID 34488226)
-- Name: django_migrations django_migrations_pkey; Type: CONSTRAINT; Schema: public; Owner: ut39elwjcrghcgqdwqgw
--

ALTER TABLE ONLY public.django_migrations
    ADD CONSTRAINT django_migrations_pkey PRIMARY KEY (id);


--
-- TOC entry 6442 (class 2606 OID 34488375)
-- Name: django_session django_session_pkey; Type: CONSTRAINT; Schema: public; Owner: ut39elwjcrghcgqdwqgw
--

ALTER TABLE ONLY public.django_session
    ADD CONSTRAINT django_session_pkey PRIMARY KEY (session_key);


--
-- TOC entry 6359 (class 2606 OID 34155367)
-- Name: estoque_materia estoque_materia_pkey; Type: CONSTRAINT; Schema: public; Owner: ut39elwjcrghcgqdwqgw
--

ALTER TABLE ONLY public.estoque_materia
    ADD CONSTRAINT estoque_materia_pkey PRIMARY KEY (id_materia);


--
-- TOC entry 6357 (class 2606 OID 34155362)
-- Name: estoque_minimo_materia estoque_minimo_materia_pkey; Type: CONSTRAINT; Schema: public; Owner: ut39elwjcrghcgqdwqgw
--

ALTER TABLE ONLY public.estoque_minimo_materia
    ADD CONSTRAINT estoque_minimo_materia_pkey PRIMARY KEY (id_estoque_minimo);


--
-- TOC entry 6391 (class 2606 OID 34155490)
-- Name: estoque_minimo estoque_minimo_pkey; Type: CONSTRAINT; Schema: public; Owner: ut39elwjcrghcgqdwqgw
--

ALTER TABLE ONLY public.estoque_minimo
    ADD CONSTRAINT estoque_minimo_pkey PRIMARY KEY (id_estoque_minimo);


--
-- TOC entry 6394 (class 2606 OID 34155500)
-- Name: estoque_produto estoque_produto_pkey; Type: CONSTRAINT; Schema: public; Owner: ut39elwjcrghcgqdwqgw
--

ALTER TABLE ONLY public.estoque_produto
    ADD CONSTRAINT estoque_produto_pkey PRIMARY KEY (id_estoque_produto);


--
-- TOC entry 6377 (class 2606 OID 34155435)
-- Name: fornecedor_has_estoque_materia fornecedor_has_estoque_materia_pkey; Type: CONSTRAINT; Schema: public; Owner: ut39elwjcrghcgqdwqgw
--

ALTER TABLE ONLY public.fornecedor_has_estoque_materia
    ADD CONSTRAINT fornecedor_has_estoque_materia_pkey PRIMARY KEY (fornecedor_id_fornecedor);


--
-- TOC entry 6355 (class 2606 OID 34155357)
-- Name: fornecedor fornecedor_pkey; Type: CONSTRAINT; Schema: public; Owner: ut39elwjcrghcgqdwqgw
--

ALTER TABLE ONLY public.fornecedor
    ADD CONSTRAINT fornecedor_pkey PRIMARY KEY (id_fornecedor);


--
-- TOC entry 6383 (class 2606 OID 34155455)
-- Name: manutencao manutencao_pkey; Type: CONSTRAINT; Schema: public; Owner: ut39elwjcrghcgqdwqgw
--

ALTER TABLE ONLY public.manutencao
    ADD CONSTRAINT manutencao_pkey PRIMARY KEY (id_manutencao);


--
-- TOC entry 6363 (class 2606 OID 34155390)
-- Name: maquina maquina_pkey; Type: CONSTRAINT; Schema: public; Owner: ut39elwjcrghcgqdwqgw
--

ALTER TABLE ONLY public.maquina
    ADD CONSTRAINT maquina_pkey PRIMARY KEY (id_maq);


--
-- TOC entry 6366 (class 2606 OID 34155400)
-- Name: operador operador_pkey; Type: CONSTRAINT; Schema: public; Owner: ut39elwjcrghcgqdwqgw
--

ALTER TABLE ONLY public.operador
    ADD CONSTRAINT operador_pkey PRIMARY KEY (id_operador);


--
-- TOC entry 6389 (class 2606 OID 34155480)
-- Name: peca peca_pkey; Type: CONSTRAINT; Schema: public; Owner: ut39elwjcrghcgqdwqgw
--

ALTER TABLE ONLY public.peca
    ADD CONSTRAINT peca_pkey PRIMARY KEY (id_peca);


--
-- TOC entry 6368 (class 2606 OID 34155410)
-- Name: producao producao_pkey; Type: CONSTRAINT; Schema: public; Owner: ut39elwjcrghcgqdwqgw
--

ALTER TABLE ONLY public.producao
    ADD CONSTRAINT producao_pkey PRIMARY KEY (id_producao);


--
-- TOC entry 6373 (class 2606 OID 34155415)
-- Name: produto produto_pkey; Type: CONSTRAINT; Schema: public; Owner: ut39elwjcrghcgqdwqgw
--

ALTER TABLE ONLY public.produto
    ADD CONSTRAINT produto_pkey PRIMARY KEY (id_prod);


--
-- TOC entry 6379 (class 2606 OID 34155450)
-- Name: tecnico tecnico_pkey; Type: CONSTRAINT; Schema: public; Owner: ut39elwjcrghcgqdwqgw
--

ALTER TABLE ONLY public.tecnico
    ADD CONSTRAINT tecnico_pkey PRIMARY KEY (id_tecnico);


--
-- TOC entry 6386 (class 2606 OID 34155470)
-- Name: verificacao verificacao_pkey; Type: CONSTRAINT; Schema: public; Owner: ut39elwjcrghcgqdwqgw
--

ALTER TABLE ONLY public.verificacao
    ADD CONSTRAINT verificacao_pkey PRIMARY KEY (id_verificacao);


--
-- TOC entry 6408 (class 1259 OID 34488367)
-- Name: auth_group_name_a6ea08ec_like; Type: INDEX; Schema: public; Owner: ut39elwjcrghcgqdwqgw
--

CREATE INDEX auth_group_name_a6ea08ec_like ON public.auth_group USING btree (name varchar_pattern_ops);


--
-- TOC entry 6413 (class 1259 OID 34488304)
-- Name: auth_group_permissions_group_id_b120cbf9; Type: INDEX; Schema: public; Owner: ut39elwjcrghcgqdwqgw
--

CREATE INDEX auth_group_permissions_group_id_b120cbf9 ON public.auth_group_permissions USING btree (group_id);


--
-- TOC entry 6416 (class 1259 OID 34488305)
-- Name: auth_group_permissions_permission_id_84c5c92e; Type: INDEX; Schema: public; Owner: ut39elwjcrghcgqdwqgw
--

CREATE INDEX auth_group_permissions_permission_id_84c5c92e ON public.auth_group_permissions USING btree (permission_id);


--
-- TOC entry 6403 (class 1259 OID 34488290)
-- Name: auth_permission_content_type_id_2f476e4b; Type: INDEX; Schema: public; Owner: ut39elwjcrghcgqdwqgw
--

CREATE INDEX auth_permission_content_type_id_2f476e4b ON public.auth_permission USING btree (content_type_id);


--
-- TOC entry 6424 (class 1259 OID 34488320)
-- Name: auth_user_groups_group_id_97559544; Type: INDEX; Schema: public; Owner: ut39elwjcrghcgqdwqgw
--

CREATE INDEX auth_user_groups_group_id_97559544 ON public.auth_user_groups USING btree (group_id);


--
-- TOC entry 6427 (class 1259 OID 34488319)
-- Name: auth_user_groups_user_id_6a12ed8b; Type: INDEX; Schema: public; Owner: ut39elwjcrghcgqdwqgw
--

CREATE INDEX auth_user_groups_user_id_6a12ed8b ON public.auth_user_groups USING btree (user_id);


--
-- TOC entry 6430 (class 1259 OID 34488334)
-- Name: auth_user_user_permissions_permission_id_1fbb5f2c; Type: INDEX; Schema: public; Owner: ut39elwjcrghcgqdwqgw
--

CREATE INDEX auth_user_user_permissions_permission_id_1fbb5f2c ON public.auth_user_user_permissions USING btree (permission_id);


--
-- TOC entry 6433 (class 1259 OID 34488333)
-- Name: auth_user_user_permissions_user_id_a95ead1b; Type: INDEX; Schema: public; Owner: ut39elwjcrghcgqdwqgw
--

CREATE INDEX auth_user_user_permissions_user_id_a95ead1b ON public.auth_user_user_permissions USING btree (user_id);


--
-- TOC entry 6421 (class 1259 OID 34488361)
-- Name: auth_user_username_6821ab7c_like; Type: INDEX; Schema: public; Owner: ut39elwjcrghcgqdwqgw
--

CREATE INDEX auth_user_username_6821ab7c_like ON public.auth_user USING btree (username varchar_pattern_ops);


--
-- TOC entry 6436 (class 1259 OID 34488356)
-- Name: django_admin_log_content_type_id_c4bce8eb; Type: INDEX; Schema: public; Owner: ut39elwjcrghcgqdwqgw
--

CREATE INDEX django_admin_log_content_type_id_c4bce8eb ON public.django_admin_log USING btree (content_type_id);


--
-- TOC entry 6439 (class 1259 OID 34488357)
-- Name: django_admin_log_user_id_c564eba6; Type: INDEX; Schema: public; Owner: ut39elwjcrghcgqdwqgw
--

CREATE INDEX django_admin_log_user_id_c564eba6 ON public.django_admin_log USING btree (user_id);


--
-- TOC entry 6440 (class 1259 OID 34488377)
-- Name: django_session_expire_date_a5c62663; Type: INDEX; Schema: public; Owner: ut39elwjcrghcgqdwqgw
--

CREATE INDEX django_session_expire_date_a5c62663 ON public.django_session USING btree (expire_date);


--
-- TOC entry 6443 (class 1259 OID 34488376)
-- Name: django_session_session_key_c0390e0f_like; Type: INDEX; Schema: public; Owner: ut39elwjcrghcgqdwqgw
--

CREATE INDEX django_session_session_key_c0390e0f_like ON public.django_session USING btree (session_key varchar_pattern_ops);


--
-- TOC entry 6360 (class 1259 OID 34156007)
-- Name: fk_estoque_materia_minimo_idx; Type: INDEX; Schema: public; Owner: ut39elwjcrghcgqdwqgw
--

CREATE INDEX fk_estoque_materia_minimo_idx ON public.estoque_materia USING btree (estoque_minimo_materia_id_estoque_minimo);


--
-- TOC entry 6395 (class 1259 OID 34156167)
-- Name: fk_estoque_minimo_idx; Type: INDEX; Schema: public; Owner: ut39elwjcrghcgqdwqgw
--

CREATE INDEX fk_estoque_minimo_idx ON public.estoque_produto USING btree (id_estoque_min);


--
-- TOC entry 6392 (class 1259 OID 34156156)
-- Name: fk_estoque_minimo_produto1_idx; Type: INDEX; Schema: public; Owner: ut39elwjcrghcgqdwqgw
--

CREATE INDEX fk_estoque_minimo_produto1_idx ON public.estoque_minimo USING btree (produto_id_prod);


--
-- TOC entry 6396 (class 1259 OID 34156166)
-- Name: fk_estoque_produto_produto1_idx; Type: INDEX; Schema: public; Owner: ut39elwjcrghcgqdwqgw
--

CREATE INDEX fk_estoque_produto_produto1_idx ON public.estoque_produto USING btree (produto_id_prod);


--
-- TOC entry 6374 (class 1259 OID 34156093)
-- Name: fk_fornecedor_has_estoque_materia_estoque_materia1_idx; Type: INDEX; Schema: public; Owner: ut39elwjcrghcgqdwqgw
--

CREATE INDEX fk_fornecedor_has_estoque_materia_estoque_materia1_idx ON public.fornecedor_has_estoque_materia USING btree (estoque_materia_id_materia);


--
-- TOC entry 6375 (class 1259 OID 34156094)
-- Name: fk_fornecedor_has_estoque_materia_fornecedor_idx; Type: INDEX; Schema: public; Owner: ut39elwjcrghcgqdwqgw
--

CREATE INDEX fk_fornecedor_has_estoque_materia_fornecedor_idx ON public.fornecedor_has_estoque_materia USING btree (fornecedor_id_fornecedor);


--
-- TOC entry 6380 (class 1259 OID 34156104)
-- Name: fk_manutencao_maquina1_idx; Type: INDEX; Schema: public; Owner: ut39elwjcrghcgqdwqgw
--

CREATE INDEX fk_manutencao_maquina1_idx ON public.manutencao USING btree (maquina_id_maq);


--
-- TOC entry 6381 (class 1259 OID 34156103)
-- Name: fk_manutencao_tecnico1_idx; Type: INDEX; Schema: public; Owner: ut39elwjcrghcgqdwqgw
--

CREATE INDEX fk_manutencao_tecnico1_idx ON public.manutencao USING btree (tecnico_id_tecnico);


--
-- TOC entry 6361 (class 1259 OID 34156032)
-- Name: fk_maquina_estoque_materia1_idx; Type: INDEX; Schema: public; Owner: ut39elwjcrghcgqdwqgw
--

CREATE INDEX fk_maquina_estoque_materia1_idx ON public.maquina USING btree (estoque_materia_id_materia);


--
-- TOC entry 6364 (class 1259 OID 34156060)
-- Name: fk_operador_maquina1_idx; Type: INDEX; Schema: public; Owner: ut39elwjcrghcgqdwqgw
--

CREATE INDEX fk_operador_maquina1_idx ON public.operador USING btree (maquina_id_maq);


--
-- TOC entry 6387 (class 1259 OID 34156113)
-- Name: fk_peca_manutencao1_idx; Type: INDEX; Schema: public; Owner: ut39elwjcrghcgqdwqgw
--

CREATE INDEX fk_peca_manutencao1_idx ON public.peca USING btree (manutencao_id_manutencao);


--
-- TOC entry 6369 (class 1259 OID 34156084)
-- Name: fk_produto_estoque_materia1_idx; Type: INDEX; Schema: public; Owner: ut39elwjcrghcgqdwqgw
--

CREATE INDEX fk_produto_estoque_materia1_idx ON public.produto USING btree (estoque_materia_id);


--
-- TOC entry 6370 (class 1259 OID 34156086)
-- Name: fk_produto_maquina1_idx; Type: INDEX; Schema: public; Owner: ut39elwjcrghcgqdwqgw
--

CREATE INDEX fk_produto_maquina1_idx ON public.produto USING btree (maquina_id_maq);


--
-- TOC entry 6371 (class 1259 OID 34156087)
-- Name: fk_produto_producao1_idx; Type: INDEX; Schema: public; Owner: ut39elwjcrghcgqdwqgw
--

CREATE INDEX fk_produto_producao1_idx ON public.produto USING btree (producao_id_producao);


--
-- TOC entry 6384 (class 1259 OID 34156109)
-- Name: fk_verificacao_manutencao1_idx; Type: INDEX; Schema: public; Owner: ut39elwjcrghcgqdwqgw
--

CREATE INDEX fk_verificacao_manutencao1_idx ON public.verificacao USING btree (manutencao_id_manutencao);


--
-- TOC entry 6461 (class 2606 OID 34488299)
-- Name: auth_group_permissions auth_group_permissio_permission_id_84c5c92e_fk_auth_perm; Type: FK CONSTRAINT; Schema: public; Owner: ut39elwjcrghcgqdwqgw
--

ALTER TABLE ONLY public.auth_group_permissions
    ADD CONSTRAINT auth_group_permissio_permission_id_84c5c92e_fk_auth_perm FOREIGN KEY (permission_id) REFERENCES public.auth_permission(id) DEFERRABLE INITIALLY DEFERRED;


--
-- TOC entry 6460 (class 2606 OID 34488294)
-- Name: auth_group_permissions auth_group_permissions_group_id_b120cbf9_fk_auth_group_id; Type: FK CONSTRAINT; Schema: public; Owner: ut39elwjcrghcgqdwqgw
--

ALTER TABLE ONLY public.auth_group_permissions
    ADD CONSTRAINT auth_group_permissions_group_id_b120cbf9_fk_auth_group_id FOREIGN KEY (group_id) REFERENCES public.auth_group(id) DEFERRABLE INITIALLY DEFERRED;


--
-- TOC entry 6459 (class 2606 OID 34488285)
-- Name: auth_permission auth_permission_content_type_id_2f476e4b_fk_django_co; Type: FK CONSTRAINT; Schema: public; Owner: ut39elwjcrghcgqdwqgw
--

ALTER TABLE ONLY public.auth_permission
    ADD CONSTRAINT auth_permission_content_type_id_2f476e4b_fk_django_co FOREIGN KEY (content_type_id) REFERENCES public.django_content_type(id) DEFERRABLE INITIALLY DEFERRED;


--
-- TOC entry 6463 (class 2606 OID 34488314)
-- Name: auth_user_groups auth_user_groups_group_id_97559544_fk_auth_group_id; Type: FK CONSTRAINT; Schema: public; Owner: ut39elwjcrghcgqdwqgw
--

ALTER TABLE ONLY public.auth_user_groups
    ADD CONSTRAINT auth_user_groups_group_id_97559544_fk_auth_group_id FOREIGN KEY (group_id) REFERENCES public.auth_group(id) DEFERRABLE INITIALLY DEFERRED;


--
-- TOC entry 6462 (class 2606 OID 34488309)
-- Name: auth_user_groups auth_user_groups_user_id_6a12ed8b_fk_auth_user_id; Type: FK CONSTRAINT; Schema: public; Owner: ut39elwjcrghcgqdwqgw
--

ALTER TABLE ONLY public.auth_user_groups
    ADD CONSTRAINT auth_user_groups_user_id_6a12ed8b_fk_auth_user_id FOREIGN KEY (user_id) REFERENCES public.auth_user(id) DEFERRABLE INITIALLY DEFERRED;


--
-- TOC entry 6465 (class 2606 OID 34488328)
-- Name: auth_user_user_permissions auth_user_user_permi_permission_id_1fbb5f2c_fk_auth_perm; Type: FK CONSTRAINT; Schema: public; Owner: ut39elwjcrghcgqdwqgw
--

ALTER TABLE ONLY public.auth_user_user_permissions
    ADD CONSTRAINT auth_user_user_permi_permission_id_1fbb5f2c_fk_auth_perm FOREIGN KEY (permission_id) REFERENCES public.auth_permission(id) DEFERRABLE INITIALLY DEFERRED;


--
-- TOC entry 6464 (class 2606 OID 34488323)
-- Name: auth_user_user_permissions auth_user_user_permissions_user_id_a95ead1b_fk_auth_user_id; Type: FK CONSTRAINT; Schema: public; Owner: ut39elwjcrghcgqdwqgw
--

ALTER TABLE ONLY public.auth_user_user_permissions
    ADD CONSTRAINT auth_user_user_permissions_user_id_a95ead1b_fk_auth_user_id FOREIGN KEY (user_id) REFERENCES public.auth_user(id) DEFERRABLE INITIALLY DEFERRED;


--
-- TOC entry 6466 (class 2606 OID 34488346)
-- Name: django_admin_log django_admin_log_content_type_id_c4bce8eb_fk_django_co; Type: FK CONSTRAINT; Schema: public; Owner: ut39elwjcrghcgqdwqgw
--

ALTER TABLE ONLY public.django_admin_log
    ADD CONSTRAINT django_admin_log_content_type_id_c4bce8eb_fk_django_co FOREIGN KEY (content_type_id) REFERENCES public.django_content_type(id) DEFERRABLE INITIALLY DEFERRED;


--
-- TOC entry 6467 (class 2606 OID 34488351)
-- Name: django_admin_log django_admin_log_user_id_c564eba6_fk_auth_user_id; Type: FK CONSTRAINT; Schema: public; Owner: ut39elwjcrghcgqdwqgw
--

ALTER TABLE ONLY public.django_admin_log
    ADD CONSTRAINT django_admin_log_user_id_c564eba6_fk_auth_user_id FOREIGN KEY (user_id) REFERENCES public.auth_user(id) DEFERRABLE INITIALLY DEFERRED;


--
-- TOC entry 6444 (class 2606 OID 34155368)
-- Name: estoque_materia fk_estoque_materia_minimo; Type: FK CONSTRAINT; Schema: public; Owner: ut39elwjcrghcgqdwqgw
--

ALTER TABLE ONLY public.estoque_materia
    ADD CONSTRAINT fk_estoque_materia_minimo FOREIGN KEY (estoque_minimo_materia_id_estoque_minimo) REFERENCES public.estoque_minimo_materia(id_estoque_minimo);


--
-- TOC entry 6458 (class 2606 OID 34155506)
-- Name: estoque_produto fk_estoque_minimo; Type: FK CONSTRAINT; Schema: public; Owner: ut39elwjcrghcgqdwqgw
--

ALTER TABLE ONLY public.estoque_produto
    ADD CONSTRAINT fk_estoque_minimo FOREIGN KEY (id_estoque_min) REFERENCES public.estoque_minimo(id_estoque_minimo);


--
-- TOC entry 6456 (class 2606 OID 34155491)
-- Name: estoque_minimo fk_estoque_minimo_produto1; Type: FK CONSTRAINT; Schema: public; Owner: ut39elwjcrghcgqdwqgw
--

ALTER TABLE ONLY public.estoque_minimo
    ADD CONSTRAINT fk_estoque_minimo_produto1 FOREIGN KEY (produto_id_prod) REFERENCES public.produto(id_prod);


--
-- TOC entry 6457 (class 2606 OID 34155501)
-- Name: estoque_produto fk_estoque_produto_produto1; Type: FK CONSTRAINT; Schema: public; Owner: ut39elwjcrghcgqdwqgw
--

ALTER TABLE ONLY public.estoque_produto
    ADD CONSTRAINT fk_estoque_produto_produto1 FOREIGN KEY (produto_id_prod) REFERENCES public.produto(id_prod);


--
-- TOC entry 6451 (class 2606 OID 34155441)
-- Name: fornecedor_has_estoque_materia fk_fornecedor_has_estoque_materia_estoque_materia1; Type: FK CONSTRAINT; Schema: public; Owner: ut39elwjcrghcgqdwqgw
--

ALTER TABLE ONLY public.fornecedor_has_estoque_materia
    ADD CONSTRAINT fk_fornecedor_has_estoque_materia_estoque_materia1 FOREIGN KEY (estoque_materia_id_materia) REFERENCES public.estoque_materia(id_materia);


--
-- TOC entry 6450 (class 2606 OID 34155436)
-- Name: fornecedor_has_estoque_materia fk_fornecedor_has_estoque_materia_fornecedor; Type: FK CONSTRAINT; Schema: public; Owner: ut39elwjcrghcgqdwqgw
--

ALTER TABLE ONLY public.fornecedor_has_estoque_materia
    ADD CONSTRAINT fk_fornecedor_has_estoque_materia_fornecedor FOREIGN KEY (fornecedor_id_fornecedor) REFERENCES public.fornecedor(id_fornecedor);


--
-- TOC entry 6453 (class 2606 OID 34155461)
-- Name: manutencao fk_manutencao_maquina1; Type: FK CONSTRAINT; Schema: public; Owner: ut39elwjcrghcgqdwqgw
--

ALTER TABLE ONLY public.manutencao
    ADD CONSTRAINT fk_manutencao_maquina1 FOREIGN KEY (maquina_id_maq) REFERENCES public.maquina(id_maq);


--
-- TOC entry 6452 (class 2606 OID 34155456)
-- Name: manutencao fk_manutencao_tecnico1; Type: FK CONSTRAINT; Schema: public; Owner: ut39elwjcrghcgqdwqgw
--

ALTER TABLE ONLY public.manutencao
    ADD CONSTRAINT fk_manutencao_tecnico1 FOREIGN KEY (tecnico_id_tecnico) REFERENCES public.tecnico(id_tecnico);


--
-- TOC entry 6445 (class 2606 OID 34155391)
-- Name: maquina fk_maquina_estoque_materia1; Type: FK CONSTRAINT; Schema: public; Owner: ut39elwjcrghcgqdwqgw
--

ALTER TABLE ONLY public.maquina
    ADD CONSTRAINT fk_maquina_estoque_materia1 FOREIGN KEY (estoque_materia_id_materia) REFERENCES public.estoque_materia(id_materia);


--
-- TOC entry 6446 (class 2606 OID 34155401)
-- Name: operador fk_operador_maquina1; Type: FK CONSTRAINT; Schema: public; Owner: ut39elwjcrghcgqdwqgw
--

ALTER TABLE ONLY public.operador
    ADD CONSTRAINT fk_operador_maquina1 FOREIGN KEY (maquina_id_maq) REFERENCES public.maquina(id_maq);


--
-- TOC entry 6455 (class 2606 OID 34155481)
-- Name: peca fk_peca_manutencao1; Type: FK CONSTRAINT; Schema: public; Owner: ut39elwjcrghcgqdwqgw
--

ALTER TABLE ONLY public.peca
    ADD CONSTRAINT fk_peca_manutencao1 FOREIGN KEY (manutencao_id_manutencao) REFERENCES public.manutencao(id_manutencao);


--
-- TOC entry 6447 (class 2606 OID 34155416)
-- Name: produto fk_produto_estoque_materia1; Type: FK CONSTRAINT; Schema: public; Owner: ut39elwjcrghcgqdwqgw
--

ALTER TABLE ONLY public.produto
    ADD CONSTRAINT fk_produto_estoque_materia1 FOREIGN KEY (estoque_materia_id) REFERENCES public.estoque_materia(id_materia);


--
-- TOC entry 6448 (class 2606 OID 34155421)
-- Name: produto fk_produto_maquina1; Type: FK CONSTRAINT; Schema: public; Owner: ut39elwjcrghcgqdwqgw
--

ALTER TABLE ONLY public.produto
    ADD CONSTRAINT fk_produto_maquina1 FOREIGN KEY (maquina_id_maq) REFERENCES public.maquina(id_maq);


--
-- TOC entry 6449 (class 2606 OID 34155426)
-- Name: produto fk_produto_producao1; Type: FK CONSTRAINT; Schema: public; Owner: ut39elwjcrghcgqdwqgw
--

ALTER TABLE ONLY public.produto
    ADD CONSTRAINT fk_produto_producao1 FOREIGN KEY (producao_id_producao) REFERENCES public.producao(id_producao);


--
-- TOC entry 6454 (class 2606 OID 34155471)
-- Name: verificacao fk_verificacao_manutencao1; Type: FK CONSTRAINT; Schema: public; Owner: ut39elwjcrghcgqdwqgw
--

ALTER TABLE ONLY public.verificacao
    ADD CONSTRAINT fk_verificacao_manutencao1 FOREIGN KEY (manutencao_id_manutencao) REFERENCES public.manutencao(id_manutencao);


-- Completed on 2022-11-19 20:17:31

--
-- PostgreSQL database dump complete
--

